username,date,rating,review,label
josephcollins,2025-02-17,5,I absolutely love this product! Works perfectly.,real
jenna39,2024-06-05,4,Fast delivery and excellent quality.,fake
xbaker,2024-06-14,5,"Very satisfied, will buy again.",real
dean21,2024-07-10,5,"Item as described, happy with purchase.",fake
theresagreene,2024-04-11,4,"Great customer service, very helpful.",fake
penny80,2025-01-01,5,"High quality, exactly what I needed.",real
obryant,2024-05-09,4,"Received the product on time, works well.",real
deanna49,2024-04-29,4,"Five stars, highly recommend!",real
gwest,2024-05-14,5,Product exceeded my expectations.,real
ellisonelizabeth,2025-03-16,4,Excellent packaging and quick shipping.,real
brownphyllis,2024-03-15,4,"Top-notch quality, very happy.",real
reneeparker,2024-06-18,4,Item works exactly as advertised.,real
buckjesus,2025-09-05,4,"Impressed with the product, will order more.",real
mackenzieblackwell,2025-05-06,4,"Fast shipping, item as described.",real
robin72,2025-08-16,5,"Very reliable product, works great.",real
lauraklein,2023-12-29,4,"Pleasant experience, product is good.",real
chambersdonna,2024-05-01,4,Good quality and affordable price.,real
tanner38,2024-03-13,5,Product matches description perfectly.,real
scarter,2025-04-04,4,Item arrived quickly and works fine.,real
travis29,2025-03-31,4,"Fantastic product, worth the money.",real
mcdonaldteresa,2025-03-26,5,Really happy with the purchase.,real
howardtammy,2025-02-10,4,"Quality is excellent, highly recommend.",real
pmiller,2024-08-03,4,Great value for the price.,real
omoore,2024-02-06,4,"Item functions well, happy with it.",real
ashleyjulia,2023-12-12,4,Easy to use and very reliable.,real
steven95,2025-07-27,5,"Excellent product, very satisfied.",real
laurayu,2025-08-12,5,Good packaging and fast delivery.,real
amanda25,2025-03-14,5,Product arrived in perfect condition.,real
jennifernelson,2024-04-20,4,"Met my expectations, good quality.",real
melanie03,2024-04-25,4,Will definitely buy again.,real
kmoore,2024-07-10,4,"Product performs well, very happy.",real
matthewharper,2025-08-25,4,"Happy with the purchase, highly recommend.",real
acook,2024-01-05,4,"Excellent value, works perfectly.",real
nancy14,2024-05-04,4,"Very good experience, product is reliable.",real
wtran,2024-04-14,4,"Fast delivery, product works fine.",real
ethan89,2024-06-15,5,Item is exactly as described.,real
sandraabbott,2025-08-09,5,"Top quality, very satisfied.",real
maureenphillips,2024-07-07,4,Product is reliable and easy to use.,real
angie81,2024-12-03,5,"Exceeded expectations, excellent product.",real
bgreene,2024-11-29,5,"Product works well, happy with it.",real
sarahjohnson,2024-09-17,5,"Good product, fast delivery.",real
smithcatherine,2023-11-10,5,Highly recommend this product.,real
bturner,2025-09-10,5,Item is high quality and works perfectly.,real
wrightdebra,2024-09-27,5,"Excellent service, product arrived fast.",real
travis83,2025-01-19,4,Very happy with product performance.,real
michelle92,2025-04-05,5,"Good quality, matches description.",real
perezdonald,2025-08-30,5,Product is durable and reliable.,real
cindy86,2024-04-01,4,"Fast shipping, product as expected.",real
zalvarez,2025-09-10,4,"Happy with the purchase, very good.",real
brian95,2025-06-22,5,"Excellent product, very useful.",real
laurenjordan,2025-07-14,1,"This is a fake product, do not buy.",fake
gloversusan,2025-03-11,2,Scam! Paid for nothing.,fake
danielsjeremy,2025-09-17,1,"Fake review, they gave me free product.",fake
melissa88,2024-03-28,1,"Terrible product, completely fake.",fake
moorecourtney,2024-09-29,1,"Awful experience, do not trust.",fake
matthew02,2024-06-19,2,"Fraudulent seller, item never arrived.",fake
nicolejennings,2025-04-02,2,"Fake item, very disappointed.",fake
mmiller,2025-02-16,2,"Product is fake, not as described.",fake
christopher43,2025-01-13,2,"Received a fake product, warning!",fake
kerry09,2025-03-26,1,"This is a scam, waste of money.",fake
courtney29,2024-12-04,1,"Fake review, they paid me to write this.",fake
davidday,2024-03-02,2,"Do not buy, product is counterfeit.",fake
jonesjean,2025-02-28,1,"Fake product, arrived broken.",fake
jordanryan,2025-04-16,1,"Scam seller, do not order.",fake
haley27,2024-01-25,2,"Fake, completely misleading description.",fake
nathaniel03,2025-07-18,2,"Product is not real, very unhappy.",fake
johnmartin,2024-09-27,1,"Awful, product is fake and poor quality.",fake
sheltoncasey,2024-05-05,2,"Fake item, they tricked me.",fake
greenjacob,2023-12-10,1,"Scam product, beware!",fake
kaitlynpalmer,2024-04-08,2,"Received fake product, total fraud.",fake
vedwards,2025-05-16,1,"Fake review, they tricked customers.",fake
pattontracie,2025-06-17,2,"Do not trust, product is fake.",fake
matthew30,2024-01-21,2,"Fake product, terrible experience.",fake
sydneywalker,2023-11-21,1,"Counterfeit item, very disappointed.",fake
martha55,2025-06-12,2,"Fake, not worth the money.",fake
kimberlypowell,2023-11-21,1,"Fraudulent product, do not buy.",fake
joemiller,2025-02-21,1,"Scam, completely fake item.",fake
kathywilson,2025-06-25,2,"Fake review, false claims.",fake
charles78,2025-06-29,1,"Product is fake, avoid purchasing.",fake
benjamin53,2024-06-30,2,"Do not order, fake seller.",fake
robertmiles,2024-12-30,2,"Fake product, totally misleading.",fake
contreraskaren,2024-02-16,2,"Terrible fake item, very disappointed.",fake
steven17,2025-07-21,2,"Fake review, do not trust this.",fake
qtucker,2023-12-16,2,"Completely fake, total scam.",fake
carrollthomas,2024-01-27,1,"Awful, product is counterfeit.",fake
thomas54,2024-01-13,5,Absolutely loved the quality and packaging.,real
anna56,2024-02-07,4,Product came early and was well packed.,real
brownjacob,2025-10-13,4,"Very easy to use, totally satisfied.",real
kevinwillis,2025-05-04,5,Helpful customer service and fast delivery.,real
christopher08,2024-12-03,4,The material feels premium and strong.,real
sharirobinson,2024-01-22,5,Item matched the pictures perfectly.,real
crystalmartin,2024-02-23,5,"Good experience, would recommend to friends.",real
williamsrobert,2025-08-17,5,"Works great, no issues so far.",real
brian56,2024-05-27,4,Excellent battery life and smooth performance.,real
webersamuel,2025-05-17,4,Received genuine product with warranty card.,real
lisa36,2024-06-18,5,Product was brand new and sealed.,real
kathleen35,2025-09-29,5,Quick response from the support team.,real
garciadavid,2025-09-04,4,"Great deal for the price, works fine.",real
garciachristine,2025-02-24,5,Perfect condition and well protected during shipping.,real
gary56,2024-01-26,5,Very convenient and affordable.,real
williamsjennifer,2025-03-16,5,Item is sturdy and durable.,real
kevin05,2025-02-15,5,Super happy with my purchase!,real
hscott,2025-01-20,5,Meets all my expectations.,real
brandonthomas,2024-04-27,4,Exactly what I was looking for.,real
mramirez,2024-09-02,4,Delivery was faster than expected.,real
pvaldez,2025-07-02,5,"Reliable seller, will shop again.",real
hdavis,2025-07-23,4,Top-notch service and communication.,real
hwells,2024-10-26,5,Product quality is excellent for daily use.,real
melodylopez,2024-09-28,4,Feels authentic and well made.,real
watsonmark,2024-07-09,5,Good product with fair pricing.,real
glassmichael,2024-10-17,5,Item arrived on time and works flawlessly.,real
chris50,2025-07-12,4,Highly satisfied with the purchase.,real
smithjoshua,2024-04-27,5,Perfect fit and easy to install.,real
hhall,2024-08-24,4,Impressed with the quick turnaround time.,real
feliciahutchinson,2023-11-22,4,Everything works perfectly fine.,real
uanderson,2024-05-11,5,"Solid build quality, worth the cost.",real
kylegarza,2024-06-19,5,"Received in good condition, happy with it.",real
john01,2024-01-01,4,Smooth and efficient performance.,real
brandonclark,2024-05-03,4,Exactly as shown in the description.,real
kramirez,2025-05-18,4,Looks elegant and performs well.,real
griffinbobby,2024-01-10,4,Reliable and user-friendly.,real
mark19,2024-02-20,5,Product performs as expected.,real
bcarter,2025-07-20,4,"Great buy, no regrets!",real
bbrown,2024-06-21,4,Good product from a trusted brand.,real
thomasallison,2025-01-17,5,Excellent design and usability.,real
lcarlson,2025-08-20,5,"Received original product, not duplicate.",real
harrisonbrenda,2024-04-17,4,All accessories were included in the box.,real
velezolivia,2025-09-29,5,Superb quality and fast response.,real
zbarnett,2025-01-01,5,Product is efficient and works perfectly.,real
rlarson,2025-09-04,5,Neatly packed and safely delivered.,real
laura47,2025-01-12,4,Truly satisfied with my first order.,real
scook,2024-04-11,5,Great for everyday use.,real
wallacenatalie,2024-04-30,5,Easy to clean and maintain.,real
sarah95,2023-12-08,4,"Met all my needs, will order more.",real
lisalambert,2024-10-03,4,Smooth transaction and delivery.,real
jamesjackson,2025-04-18,5,Excellent craftsmanship and finishing.,real
judy78,2025-03-06,5,Real product with authentic packaging.,real
mparrish,2025-09-24,4,Everything was as promised.,real
richardromero,2025-04-15,4,Great sound quality and comfort.,real
charlesfernandez,2025-07-14,4,Product arrived earlier than mentioned.,real
mwest,2025-04-29,4,Very effective and long-lasting.,real
sadams,2023-12-28,4,"Good packaging, product undamaged.",real
petersonbrian,2024-12-14,4,Performs better than expected.,real
moralespaul,2023-11-14,5,Nice experience overall.,real
gary51,2024-10-23,4,Good for personal and professional use.,real
pfaulkner,2024-03-08,5,Very responsive customer care.,real
kim45,2025-08-07,5,Product looks premium and feels sturdy.,real
kristin21,2024-07-05,5,Received item in good shape.,real
daniel86,2025-09-08,5,"Packaging was excellent, product genuine.",real
jennifer64,2025-07-31,5,"Using it for weeks, still works like new.",real
allisonlogan,2025-01-14,4,Got a genuine product with invoice.,real
hectorgarcia,2025-05-24,5,"Authentic product, verified serial number.",real
tonywolf,2025-06-02,5,"Smooth order process, no complaints.",real
darlenebarton,2024-01-26,5,Performs great under heavy usage.,real
billpeters,2023-11-23,5,Good feedback mechanism from seller.,real
ronald28,2024-02-26,5,Really happy with the quality.,real
perickson,2025-05-27,5,Item was brand new and original.,real
williamsonbrianna,2024-12-29,4,Product is genuine and reliable.,real
stacey31,2025-10-28,4,Top quality at affordable price.,real
xward,2025-05-20,4,Highly efficient and lightweight.,real
qkeller,2025-09-24,5,Met all my expectations perfectly.,real
xrichards,2024-08-07,5,Product performance is outstanding.,real
moranmanuel,2024-02-12,4,"Perfectly functional, no defects.",real
davisryan,2024-03-15,4,Absolutely value for money.,real
halldenise,2024-11-22,5,Great shopping experience overall.,real
mark53,2024-07-08,4,Very high-quality build.,real
robertsonkyle,2024-06-05,5,Received authentic item in sealed pack.,real
erin43,2025-07-09,5,"Product works as described, no complaints.",real
danielmorgan,2024-04-30,4,Good packaging and smooth setup.,real
robertsian,2024-07-28,4,Reliable delivery and service.,real
rollinsolivia,2024-09-22,5,"Excellent performance, totally worth it.",real
kwallace,2024-08-09,4,"Very helpful seller, good communication.",real
eddie26,2024-02-25,5,Product meets advertised specifications.,real
millerrita,2025-02-28,5,Works seamlessly with my other devices.,real
gporter,2024-05-02,4,Perfectly operational since delivery.,real
hayneskrista,2025-06-27,4,Customer support was polite and efficient.,real
amyrandolph,2025-06-02,4,Completely satisfied with this purchase.,real
caitlinjenkins,2024-06-28,4,Works just like the official version.,real
rmurray,2024-11-26,5,Received invoice and warranty as expected.,real
donna24,2025-10-15,4,Really good experience overall.,real
timothydoyle,2025-03-20,4,Excellent quality and quick response time.,real
hpowell,2025-05-02,4,Product lives up to its reputation.,real
cooleychristopher,2024-11-10,5,Totally authentic product received.,real
kford,2024-04-05,5,Superb quality and great price.,real
sandersmatthew,2025-07-04,5,Would definitely buy again.,real
christina49,2024-10-04,2,"This product is terrible, fake quality!",fake
adriana87,2024-06-14,1,They sent me a used item pretending it’s new.,fake
scottfreeman,2024-11-02,2,"Fake seller, don’t waste your money!",fake
ronniemadden,2024-03-11,1,"Received counterfeit product, total scam.",fake
twilkerson,2023-12-16,2,"Completely false reviews, product is garbage.",fake
erikacarroll,2024-08-01,2,They paid people to write good reviews.,fake
danny20,2025-02-10,2,Looks genuine online but it’s fake.,fake
mcclurenichole,2024-05-31,1,"Cheap duplicate, not worth buying.",fake
ikrause,2024-03-05,2,"Awful service, fake product.",fake
sandersandrea,2024-03-05,2,"Scam website, never got my product.",fake
dmitchell,2023-12-20,1,"Fake packaging, product not original.",fake
campbelltimothy,2025-02-12,2,This is a fraudulent listing!,fake
amanda65,2025-01-29,1,"Product is fake, do not trust.",fake
vmendoza,2025-06-04,1,"Completely misleading description, fake item.",fake
kimberly26,2024-04-05,1,"Scam seller, no refund or support.",fake
taylorjason,2025-05-03,2,"Fake reviews everywhere, don’t believe them.",fake
kevin86,2024-05-06,1,Received damaged fake product.,fake
lopezcrystal,2024-04-28,2,Item looks used and cheap.,fake
charlesgomez,2024-08-05,2,They sent me a totally different item.,fake
erika05,2024-02-21,2,Fake item pretending to be branded.,fake
jonathan83,2024-08-08,2,"Product didn’t work at all, total fraud.",fake
susansullivan,2025-03-31,2,"This is not original, total scam.",fake
michellehoward,2025-02-18,1,Seller is cheating customers with fake goods.,fake
joshuataylor,2024-10-18,2,Product stopped working after one day.,fake
sean40,2025-02-19,2,Fake copy of original brand.,fake
krichardson,2025-02-15,1,"Completely unreliable seller, fake items.",fake
william16,2025-03-23,2,Product came broken and unusable.,fake
sgonzales,2025-03-11,2,"Not real product, looks like a replica.",fake
jamesshea,2024-10-09,2,Seller refuses refund for fake product.,fake
kathy47,2024-04-20,1,"Fake listing, waste of money.",fake
jennifer07,2024-11-07,2,"Do not trust these reviews, all fake.",fake
mark34,2024-09-10,1,Product is defective and fake.,fake
daniel51,2024-08-01,2,"They scammed me, sent a fake one.",fake
laurahughes,2025-01-18,2,"Counterfeit item, no brand tag.",fake
davischristina,2025-06-02,2,Fake charger and low-quality item.,fake
kevin20,2024-07-09,1,"Duplicate product, poor quality.",fake
johnpark,2024-10-07,1,Scam alert! Avoid this seller.,fake
stephaniespencer,2025-04-19,1,"Totally disappointed, fake quality.",fake
jenniferdawson,2024-10-06,2,"Fake build, product feels cheap.",fake
schultzian,2025-10-12,2,"Counterfeit brand name, avoid!",fake
qmayo,2025-09-16,2,Product does not match the description.,fake
qhammond,2024-01-17,1,Looks like a fake imitation.,fake
jessicaterry,2025-03-21,1,"Scam, I lost my money.",fake
daniel92,2025-08-28,2,"Poor quality, fake performance.",fake
oarnold,2024-09-07,2,Seller sold a duplicate copy.,fake
hawkinslindsay,2024-09-26,1,Received completely wrong product.,fake
fostersara,2025-06-13,2,"Fake item, they tricked customers.",fake
loririos,2025-09-21,1,"Item is not genuine, total fraud.",fake
eroach,2023-11-20,1,Scam product with fake branding.,fake
mikefox,2024-05-11,2,Product stopped working in one day.,fake
angelagonzalez,2024-06-01,1,"Awful experience, fake product.",fake
timothy80,2024-02-12,1,Fake serial number and no warranty.,fake
michael15,2024-03-04,1,"Fraudulent item, not from brand.",fake
kcisneros,2025-03-11,2,Duplicate version pretending to be real.,fake
bwebb,2025-03-28,1,"Terrible quality, fake claim.",fake
gdavis,2024-10-23,2,Don’t fall for fake positive reviews.,fake
greenejerry,2025-02-19,1,Product looks real but isn’t.,fake
rpeters,2024-03-24,2,Seller shipped counterfeit goods.,fake
parkerbowman,2025-01-07,2,"Scam, totally fake website.",fake
jason69,2024-02-12,2,"Fake parts used, not original.",fake
ijordan,2024-12-10,2,Received fake product with missing parts.,fake
huynhbrandy,2023-11-21,1,Product doesn’t even switch on.,fake
karen93,2025-10-22,1,Completely fake advertisement.,fake
gchristensen,2024-05-04,1,"Terrible seller, fake service.",fake
hughesjennifer,2024-11-01,1,"Scam site, no customer care.",fake
amymay,2024-06-13,1,Got fake product without box.,fake
danielle00,2024-09-23,2,"Fake listing, avoid this brand.",fake
porternicholas,2025-03-31,2,Poor packaging and duplicate item.,fake
acarr,2025-06-20,2,"Seller is fraud, product is fake.",fake
bushteresa,2024-11-26,1,Received fake version of branded item.,fake
dobrien,2024-05-14,1,Fake accessories and fake reviews.,fake
daniel44,2023-12-06,2,Looks like cheap copy of original.,fake
manuelgilbert,2024-07-03,2,Completely non-functional fake item.,fake
vegaerin,2025-01-08,2,"Scammy marketing, fake product.",fake
curtisturner,2024-11-06,1,Got duplicate instead of original.,fake
sara81,2025-11-02,1,"Fake product, no barcode or tag.",fake
claudiaparker,2023-12-06,1,Product didn’t even arrive!,fake
whitneyrenee,2024-01-13,1,"Counterfeit model, don’t buy.",fake
glendamurphy,2025-01-19,2,"Fake service, no refund issued.",fake
ymarquez,2025-10-05,1,"Scam seller, wrong product sent.",fake
heather44,2025-06-25,1,"Fake website, fake product!",fake
michaelberry,2024-05-09,1,"Received broken item, fake build.",fake
matthewjenkins,2024-05-28,1,Low-quality duplicate item.,fake
deanjackson,2024-02-07,2,Seller is cheating people.,fake
troypeterson,2025-05-04,1,Product doesn’t match images.,fake
riversjames,2024-10-07,2,Totally fake and useless.,fake
elizabethjoseph,2025-03-27,2,"Fraud seller, fake listings.",fake
josephcontreras,2025-04-04,2,"Fake claims, not real product.",fake
lorismith,2024-06-23,2,"Do not purchase, total scam.",fake
upowers,2025-07-01,2,"Counterfeit quality, very poor.",fake
kelly55,2024-12-13,2,"Scam seller, fake guarantee.",fake
stacey25,2024-07-24,2,"Fake imitation, not original.",fake
andersonkristina,2024-12-01,2,Completely fake item sent.,fake
burkenorma,2023-11-12,1,"Fraudulent store, fake products.",fake
andrea43,2024-01-21,2,Fake label and cheap material.,fake
patrick96,2024-11-25,1,Looks like used fake item.,fake
rogeranderson,2024-12-19,1,Received fake charger.,fake
xbush,2025-02-25,1,Poor imitation product.,fake
mcneilveronica,2025-10-28,2,Scam — totally fake!,fake
jenniferharris,2024-01-24,2,"Fake, not recommended at all.",fake
obrienmelissa,2025-02-28,4,I absolutely love this product! Works perfectly.,real
pellison,2024-04-06,5,Fast delivery and excellent quality.,real
edwardlopez,2024-12-20,4,"Very satisfied, will buy again.",real
wendyreed,2024-09-07,5,"Item as described, happy with purchase.",real
andersonscott,2025-08-05,4,"Great customer service, very helpful.",real
mariethompson,2024-10-07,4,"High quality, exactly what I needed.",real
christopher82,2024-06-10,5,"Received the product on time, works well.",real
cathy39,2024-03-22,4,"Five stars, highly recommend!",real
christinejimenez,2024-01-19,5,Product exceeded my expectations.,real
thomasbaldwin,2025-04-17,4,Excellent packaging and quick shipping.,real
nguyensteven,2024-09-24,5,"Top-notch quality, very happy.",real
ugallagher,2025-09-20,5,Item works exactly as advertised.,real
carolhernandez,2025-10-29,4,"Impressed with the product, will order more.",real
jsmith,2024-05-21,5,"Fast shipping, item as described.",real
gonzalezrobert,2025-06-05,5,"Very reliable product, works great.",real
lholt,2025-05-05,4,"Pleasant experience, product is good.",real
hooverkent,2025-10-30,5,Good quality and affordable price.,real
courtney94,2024-12-05,5,Product matches description perfectly.,real
taylorleslie,2024-09-06,4,Item arrived quickly and works fine.,real
ashley10,2024-08-08,4,"Fantastic product, worth the money.",real
douglas91,2023-12-21,4,Really happy with the purchase.,real
derrickray,2024-01-04,5,"Quality is excellent, highly recommend.",real
steven79,2024-07-14,4,Great value for the price.,real
htaylor,2024-05-19,4,"Item functions well, happy with it.",real
sullivancarolyn,2025-06-06,5,Easy to use and very reliable.,real
abigailhardy,2025-01-10,4,"Excellent product, very satisfied.",real
kylieflores,2024-05-20,4,Good packaging and fast delivery.,real
lewiscarolyn,2025-08-11,4,Product arrived in perfect condition.,real
garrettsmith,2025-07-29,5,"Met my expectations, good quality.",real
timothy00,2025-04-01,4,Will definitely buy again.,real
tiffany97,2024-12-12,4,"Product performs well, very happy.",real
bweeks,2025-06-15,4,"Happy with the purchase, highly recommend.",real
jennifer18,2023-11-23,4,"Excellent value, works perfectly.",real
johnward,2024-01-26,4,"Very good experience, product is reliable.",real
michael71,2025-05-29,4,"Fast delivery, product works fine.",real
aalexander,2024-03-25,4,Item is exactly as described.,real
garyharris,2025-01-27,5,"Top quality, very satisfied.",real
kayla08,2024-04-10,4,Product is reliable and easy to use.,real
williamsmatthew,2024-07-31,5,"Exceeded expectations, excellent product.",real
taylorpratt,2025-08-01,5,"Product works well, happy with it.",real
mmartinez,2025-04-07,5,"Good product, fast delivery.",real
rmerritt,2025-09-20,4,Highly recommend this product.,real
gina44,2023-11-21,4,Item is high quality and works perfectly.,real
nmoran,2024-08-09,5,"Excellent service, product arrived fast.",real
huntersteven,2024-02-12,4,Very happy with product performance.,real
nbrowning,2024-06-11,4,"Good quality, matches description.",real
cindy68,2025-04-21,5,Product is durable and reliable.,real
amandabrown,2025-03-16,5,"Fast shipping, product as expected.",real
schultzjohn,2023-12-19,5,"Happy with the purchase, very good.",real
kellijohnson,2024-02-16,5,"Excellent product, very useful.",real
nlambert,2025-09-24,1,"This is a fake product, do not buy.",fake
hkramer,2024-05-05,2,Scam! Paid for nothing.,fake
matthewbaker,2024-10-20,2,"Fake review, they gave me free product.",fake
davidsonemma,2025-04-11,2,"Terrible product, completely fake.",fake
christianmegan,2025-03-15,1,"Awful experience, do not trust.",fake
lynchsean,2024-02-19,1,"Fraudulent seller, item never arrived.",fake
marshallscott,2023-11-21,2,"Fake item, very disappointed.",fake
lewisjohn,2024-02-20,1,"Product is fake, not as described.",fake
campossandra,2025-05-29,2,"Received a fake product, warning!",fake
jacobschneider,2025-03-24,2,"This is a scam, waste of money.",fake
robert12,2025-08-31,2,"Fake review, they paid me to write this.",fake
burnsnicole,2024-07-09,2,"Do not buy, product is counterfeit.",fake
donald66,2024-08-24,2,"Fake product, arrived broken.",fake
smithchristy,2024-04-30,2,"Scam seller, do not order.",fake
jennifer89,2025-05-16,1,"Fake, completely misleading description.",fake
jessicapeterson,2024-11-09,2,"Product is not real, very unhappy.",fake
james91,2025-02-10,2,"Awful, product is fake and poor quality.",fake
kayla02,2024-11-09,1,"Fake item, they tricked me.",fake
hescobar,2024-03-04,2,"Scam product, beware!",fake
mikayla45,2024-07-21,1,"Received fake product, total fraud.",fake
tonyabruce,2024-11-08,1,"Fake review, they tricked customers.",fake
khangerald,2025-08-13,1,"Do not trust, product is fake.",fake
timothy81,2025-01-28,2,"Fake product, terrible experience.",fake
nicholasashley,2024-04-26,1,"Counterfeit item, very disappointed.",fake
richard71,2024-01-19,1,"Fake, not worth the money.",fake
nroberts,2025-06-16,1,"Fraudulent product, do not buy.",fake
michelle93,2024-01-08,1,"Scam, completely fake item.",fake
baileyrobert,2024-01-24,2,"Fake review, false claims.",fake
msanders,2024-10-14,2,"Product is fake, avoid purchasing.",fake
robertspencer,2025-08-22,2,"Do not order, fake seller.",fake
uestes,2025-10-12,2,"Fake product, totally misleading.",fake
amanda26,2024-08-29,1,"Terrible fake item, very disappointed.",fake
emily12,2025-10-23,2,"Fake review, do not trust this.",fake
dmcconnell,2025-08-30,2,"Completely fake, total scam.",fake
kiarabailey,2025-10-02,1,"Awful, product is counterfeit.",fake
monicarichardson,2024-06-02,4,Absolutely loved the quality and packaging.,real
jeffreychang,2025-06-21,5,Product came early and was well packed.,real
frances46,2025-08-19,5,"Very easy to use, totally satisfied.",real
sestes,2025-06-22,4,Helpful customer service and fast delivery.,real
christine11,2024-05-21,5,The material feels premium and strong.,real
nicholasfuentes,2024-02-01,4,Item matched the pictures perfectly.,real
xbrown,2024-12-09,5,"Good experience, would recommend to friends.",real
tiffanylove,2024-02-21,5,"Works great, no issues so far.",real
mosleylinda,2025-08-05,5,Excellent battery life and smooth performance.,real
egordon,2024-06-09,4,Received genuine product with warranty card.,real
brianastevens,2025-05-29,5,Product was brand new and sealed.,real
thomasdanny,2024-11-13,5,Quick response from the support team.,real
shelley43,2025-01-15,5,"Great deal for the price, works fine.",real
ryanpadilla,2024-12-04,4,Perfect condition and well protected during shipping.,real
leahmyers,2025-08-31,4,Very convenient and affordable.,real
nathan68,2025-04-02,4,Item is sturdy and durable.,real
derrickleach,2024-07-18,4,Super happy with my purchase!,real
carriehansen,2025-09-13,5,Meets all my expectations.,real
robert35,2024-05-24,4,Exactly what I was looking for.,real
meadowsmatthew,2023-11-28,5,Delivery was faster than expected.,real
reesedanielle,2025-10-06,4,"Reliable seller, will shop again.",real
mariafowler,2025-03-02,4,Top-notch service and communication.,real
haleypoole,2024-03-21,4,Product quality is excellent for daily use.,real
davidjohnson,2025-06-11,4,Feels authentic and well made.,real
henrymatthew,2025-10-12,4,Good product with fair pricing.,real
tbecker,2024-01-25,5,Item arrived on time and works flawlessly.,real
jose62,2024-07-15,5,Highly satisfied with the purchase.,real
fmartin,2024-11-10,4,Perfect fit and easy to install.,real
destinyortiz,2024-02-19,5,Impressed with the quick turnaround time.,real
tracie61,2023-12-26,4,Everything works perfectly fine.,real
amybailey,2024-11-05,4,"Solid build quality, worth the cost.",real
james90,2024-09-30,5,"Received in good condition, happy with it.",real
zandrade,2025-09-24,5,Smooth and efficient performance.,real
rlewis,2024-12-28,4,Exactly as shown in the description.,real
lparker,2024-04-28,4,Looks elegant and performs well.,real
chavezchristina,2024-11-07,4,Reliable and user-friendly.,real
matthew99,2024-06-01,4,Product performs as expected.,real
ericballard,2024-08-30,5,"Great buy, no regrets!",real
hendrixlaura,2024-12-16,4,Good product from a trusted brand.,real
andreagonzalez,2023-12-17,5,Excellent design and usability.,real
alicia76,2024-08-23,4,"Received original product, not duplicate.",real
yjennings,2023-12-08,5,All accessories were included in the box.,real
katelyn32,2024-12-27,5,Superb quality and fast response.,real
ztaylor,2024-01-09,5,Product is efficient and works perfectly.,real
paul42,2024-08-05,4,Neatly packed and safely delivered.,real
fjones,2024-12-08,5,Truly satisfied with my first order.,real
barnettchristie,2025-09-07,4,Great for everyday use.,real
anthonyvargas,2025-03-26,4,Easy to clean and maintain.,real
qwalter,2024-07-06,4,"Met all my needs, will order more.",real
todd18,2024-04-28,4,Smooth transaction and delivery.,real
brandyfarmer,2024-08-17,5,Excellent craftsmanship and finishing.,real
sabrina86,2024-04-02,5,Real product with authentic packaging.,real
millerjustin,2024-05-15,5,Everything was as promised.,real
davilachad,2024-05-17,4,Great sound quality and comfort.,real
walkerjeffrey,2024-10-29,4,Product arrived earlier than mentioned.,real
murphykevin,2024-04-01,4,Very effective and long-lasting.,real
mcclainlaura,2025-04-11,4,"Good packaging, product undamaged.",real
lopezkara,2024-02-01,4,Performs better than expected.,real
mcantu,2024-10-09,4,Nice experience overall.,real
alexander01,2024-10-31,5,Good for personal and professional use.,real
wmoran,2025-07-14,5,Very responsive customer care.,real
jacksondamon,2025-02-04,4,Product looks premium and feels sturdy.,real
collinskyle,2024-01-15,4,Received item in good shape.,real
stevenlane,2025-04-16,4,"Packaging was excellent, product genuine.",real
brandy15,2024-11-18,4,"Using it for weeks, still works like new.",real
kevinrobinson,2024-02-28,4,Got a genuine product with invoice.,real
medinacarmen,2024-01-18,4,"Authentic product, verified serial number.",real
cshaw,2024-05-07,4,"Smooth order process, no complaints.",real
ataylor,2024-01-04,5,Performs great under heavy usage.,real
juliaholmes,2024-11-17,4,Good feedback mechanism from seller.,real
wbarton,2024-12-24,5,Really happy with the quality.,real
saundersangela,2024-08-02,5,Item was brand new and original.,real
mcguirethomas,2024-08-08,5,Product is genuine and reliable.,real
omorgan,2025-06-10,5,Top quality at affordable price.,real
max54,2024-01-21,4,Highly efficient and lightweight.,real
jacquelinelewis,2025-03-11,5,Met all my expectations perfectly.,real
katelyndavis,2024-10-20,4,Product performance is outstanding.,real
zvaughn,2025-04-29,5,"Perfectly functional, no defects.",real
jonescarmen,2024-09-23,4,Absolutely value for money.,real
ukey,2025-03-04,5,Great shopping experience overall.,real
valdezrodney,2024-05-07,5,Very high-quality build.,real
alfred86,2023-12-20,5,Received authentic item in sealed pack.,real
mmiller,2024-03-27,4,"Product works as described, no complaints.",real
katherinewillis,2025-06-08,4,Good packaging and smooth setup.,real
ngarcia,2025-01-29,5,Reliable delivery and service.,real
devon98,2025-03-04,4,"Excellent performance, totally worth it.",real
garciaryan,2025-08-11,4,"Very helpful seller, good communication.",real
brittanyschneider,2025-09-19,5,Product meets advertised specifications.,real
robert80,2025-06-13,5,Works seamlessly with my other devices.,real
keith78,2024-06-22,4,Perfectly operational since delivery.,real
cordovagerald,2023-11-24,5,Customer support was polite and efficient.,real
berrybrian,2024-03-12,5,Completely satisfied with this purchase.,real
umartin,2025-09-14,4,Works just like the official version.,real
melissa77,2025-03-26,4,Received invoice and warranty as expected.,real
currycharles,2024-01-06,5,Really good experience overall.,real
chambersedward,2025-01-05,4,Excellent quality and quick response time.,real
marcus16,2025-09-30,4,Product lives up to its reputation.,real
mcclainchris,2024-01-30,4,Totally authentic product received.,real
randy16,2024-03-27,5,Superb quality and great price.,real
dale22,2023-12-18,5,Would definitely buy again.,real
mandersen,2025-06-25,2,"This product is terrible, fake quality!",fake
monroejessica,2024-09-06,2,They sent me a used item pretending it’s new.,fake
burnettrebecca,2025-07-24,2,"Fake seller, don’t waste your money!",fake
sarah99,2024-01-24,2,"Received counterfeit product, total scam.",fake
jimmy21,2024-08-12,1,"Completely false reviews, product is garbage.",fake
deannacrawford,2024-12-21,1,They paid people to write good reviews.,fake
kellyellis,2025-10-09,1,Looks genuine online but it’s fake.,fake
holmesmarissa,2025-11-04,2,"Cheap duplicate, not worth buying.",fake
kyliebryant,2024-01-26,2,"Awful service, fake product.",fake
kelly47,2025-06-10,2,"Scam website, never got my product.",fake
goodmanamber,2025-03-26,2,"Fake packaging, product not original.",fake
danielle91,2025-09-10,2,This is a fraudulent listing!,fake
qortiz,2024-01-25,2,"Product is fake, do not trust.",fake
deanmiller,2024-11-26,1,"Completely misleading description, fake item.",fake
crawfordtiffany,2025-10-05,2,"Scam seller, no refund or support.",fake
collinsmaria,2023-12-09,2,"Fake reviews everywhere, don’t believe them.",fake
mhopkins,2025-09-07,2,Received damaged fake product.,fake
keith54,2025-02-21,2,Item looks used and cheap.,fake
gomezrichard,2025-01-28,2,They sent me a totally different item.,fake
william47,2025-05-25,1,Fake item pretending to be branded.,fake
lbush,2024-03-15,1,"Product didn’t work at all, total fraud.",fake
randall76,2025-07-20,2,"This is not original, total scam.",fake
wisebrad,2024-03-08,2,Seller is cheating customers with fake goods.,fake
evanhardin,2024-09-03,1,Product stopped working after one day.,fake
kathleencardenas,2025-10-12,2,Fake copy of original brand.,fake
zacharyyoung,2025-08-05,2,"Completely unreliable seller, fake items.",fake
pamelaconley,2024-12-29,2,Product came broken and unusable.,fake
dukejames,2024-12-29,1,"Not real product, looks like a replica.",fake
kathy97,2024-11-06,2,Seller refuses refund for fake product.,fake
thompsonkurt,2024-01-25,2,"Fake listing, waste of money.",fake
tanya97,2024-06-02,1,"Do not trust these reviews, all fake.",fake
john54,2025-03-19,2,Product is defective and fake.,fake
erin71,2025-09-24,2,"They scammed me, sent a fake one.",fake
jimsmith,2025-03-18,1,"Counterfeit item, no brand tag.",fake
frank95,2025-07-03,2,Fake charger and low-quality item.,fake
david03,2025-02-01,1,"Duplicate product, poor quality.",fake
mthomas,2025-09-10,2,Scam alert! Avoid this seller.,fake
stephaniepatton,2025-03-07,2,"Totally disappointed, fake quality.",fake
george31,2024-04-12,1,"Fake build, product feels cheap.",fake
sotojason,2023-12-01,1,"Counterfeit brand name, avoid!",fake
dweaver,2025-03-29,2,Product does not match the description.,fake
lopezjoel,2024-08-17,2,Looks like a fake imitation.,fake
luke49,2024-11-21,1,"Scam, I lost my money.",fake
sarah01,2025-04-26,2,"Poor quality, fake performance.",fake
leah76,2024-03-27,2,Seller sold a duplicate copy.,fake
patriciamiller,2025-08-05,1,Received completely wrong product.,fake
kwilson,2025-05-03,2,"Fake item, they tricked customers.",fake
sortiz,2024-01-11,1,"Item is not genuine, total fraud.",fake
hannahdavis,2024-10-19,2,Scam product with fake branding.,fake
elizabethjordan,2025-04-13,1,Product stopped working in one day.,fake
garyramirez,2023-11-29,1,"Awful experience, fake product.",fake
gregory92,2025-01-16,2,Fake serial number and no warranty.,fake
megan30,2024-09-21,1,"Fraudulent item, not from brand.",fake
cynthia55,2024-06-14,1,Duplicate version pretending to be real.,fake
ubrown,2024-05-17,2,"Terrible quality, fake claim.",fake
tammyzuniga,2024-03-12,1,Don’t fall for fake positive reviews.,fake
aaron45,2024-12-04,2,Product looks real but isn’t.,fake
mackenzie30,2025-02-13,2,Seller shipped counterfeit goods.,fake
amueller,2025-08-14,1,"Scam, totally fake website.",fake
robertbarrett,2024-10-06,1,"Fake parts used, not original.",fake
sscott,2025-09-17,1,Received fake product with missing parts.,fake
robertcastro,2024-12-21,2,Product doesn’t even switch on.,fake
ncruz,2025-02-24,2,Completely fake advertisement.,fake
griffithmiranda,2024-05-21,1,"Terrible seller, fake service.",fake
awelch,2024-07-05,2,"Scam site, no customer care.",fake
lisakrueger,2024-05-08,2,Got fake product without box.,fake
aaronfox,2024-03-27,1,"Fake listing, avoid this brand.",fake
brianklein,2024-05-17,2,Poor packaging and duplicate item.,fake
grodriguez,2025-02-15,1,"Seller is fraud, product is fake.",fake
michele24,2025-10-10,2,Received fake version of branded item.,fake
leemichael,2025-03-20,1,Fake accessories and fake reviews.,fake
dawnwhite,2024-02-04,1,Looks like cheap copy of original.,fake
zbranch,2024-12-21,2,Completely non-functional fake item.,fake
michael10,2025-07-07,1,"Scammy marketing, fake product.",fake
jennifer50,2025-07-01,2,Got duplicate instead of original.,fake
emily81,2023-12-28,2,"Fake product, no barcode or tag.",fake
grossrichard,2025-06-27,2,Product didn’t even arrive!,fake
coxashley,2025-07-26,1,"Counterfeit model, don’t buy.",fake
nwelch,2025-06-13,1,"Fake service, no refund issued.",fake
john34,2024-01-11,2,"Scam seller, wrong product sent.",fake
bsullivan,2024-09-20,2,"Fake website, fake product!",fake
phillipsjeffery,2025-05-10,1,"Received broken item, fake build.",fake
sdawson,2025-05-17,2,Low-quality duplicate item.,fake
jesseburns,2024-01-27,1,Seller is cheating people.,fake
johnsondana,2025-07-06,1,Product doesn’t match images.,fake
turnermelody,2023-12-16,1,Totally fake and useless.,fake
jamesmitchell,2024-12-14,1,"Fraud seller, fake listings.",fake
aaron02,2024-07-06,2,"Fake claims, not real product.",fake
derekwilliamson,2025-05-12,2,"Do not purchase, total scam.",fake
jeffreyrosario,2024-08-04,2,"Counterfeit quality, very poor.",fake
ygonzalez,2025-02-07,2,"Scam seller, fake guarantee.",fake
susan65,2025-08-12,1,"Fake imitation, not original.",fake
clarkbrandon,2024-07-07,2,Completely fake item sent.,fake
melissa03,2025-03-20,2,"Fraudulent store, fake products.",fake
william20,2024-02-08,2,Fake label and cheap material.,fake
joseph56,2024-02-03,2,Looks like used fake item.,fake
wolfnathaniel,2024-12-26,1,Received fake charger.,fake
orrmaurice,2024-11-26,2,Poor imitation product.,fake
michaellawson,2024-12-10,2,Scam — totally fake!,fake
mooresabrina,2024-03-15,1,"Fake, not recommended at all.",fake
rbrown,2024-10-11,5,I absolutely love this product! Works perfectly.,real
ireed,2024-01-23,5,Fast delivery and excellent quality.,real
phansen,2024-04-15,5,"Very satisfied, will buy again.",real
iross,2024-05-20,4,"Item as described, happy with purchase.",real
trevinoamy,2024-02-11,4,"Great customer service, very helpful.",real
gabrielmoore,2024-10-23,5,"High quality, exactly what I needed.",real
jorge65,2024-06-09,4,"Received the product on time, works well.",real
kathryn45,2024-03-15,4,"Five stars, highly recommend!",real
david65,2025-10-24,5,Product exceeded my expectations.,real
ballardtyrone,2023-11-14,5,Excellent packaging and quick shipping.,real
vmeadows,2024-02-06,4,"Top-notch quality, very happy.",real
patrick63,2025-09-29,4,Item works exactly as advertised.,real
douglas51,2023-12-26,5,"Impressed with the product, will order more.",real
desireeadams,2023-11-23,4,"Fast shipping, item as described.",real
audreymeza,2024-11-07,5,"Very reliable product, works great.",real
zmoore,2025-08-21,5,"Pleasant experience, product is good.",real
maynarddiane,2025-04-03,5,Good quality and affordable price.,real
rjames,2024-05-04,5,Product matches description perfectly.,real
petersonmary,2023-11-19,5,Item arrived quickly and works fine.,real
thomasrachel,2025-10-12,4,"Fantastic product, worth the money.",real
brittany24,2025-05-25,5,Really happy with the purchase.,real
shannon24,2023-12-05,5,"Quality is excellent, highly recommend.",real
philliphughes,2025-02-19,4,Great value for the price.,real
zsimpson,2025-05-28,4,"Item functions well, happy with it.",real
wturner,2024-03-07,5,Easy to use and very reliable.,real
ritapowers,2024-12-29,4,"Excellent product, very satisfied.",real
megangonzalez,2024-04-11,4,Good packaging and fast delivery.,real
tylersanders,2025-04-16,4,Product arrived in perfect condition.,real
zachary96,2025-04-14,5,"Met my expectations, good quality.",real
william13,2024-06-17,4,Will definitely buy again.,real
alexandernathan,2025-04-17,5,"Product performs well, very happy.",real
vwilliams,2025-05-18,4,"Happy with the purchase, highly recommend.",real
holly14,2023-11-18,4,"Excellent value, works perfectly.",real
manuel30,2024-07-25,5,"Very good experience, product is reliable.",real
pshepherd,2023-12-08,5,"Fast delivery, product works fine.",real
plee,2025-10-18,5,Item is exactly as described.,real
bobbyanderson,2025-02-28,5,"Top quality, very satisfied.",real
jennifer01,2024-12-11,4,Product is reliable and easy to use.,real
glenntroy,2025-09-10,5,"Exceeded expectations, excellent product.",real
amanda77,2025-10-11,4,"Product works well, happy with it.",real
richardsanchez,2024-12-01,5,"Good product, fast delivery.",real
award,2024-12-28,5,Highly recommend this product.,real
joshua12,2024-05-09,4,Item is high quality and works perfectly.,real
reidzachary,2025-02-23,4,"Excellent service, product arrived fast.",real
melissa01,2024-01-01,5,Very happy with product performance.,real
elizabeth88,2024-03-21,4,"Good quality, matches description.",real
melanie56,2025-02-14,4,Product is durable and reliable.,real
bryan79,2025-11-06,4,"Fast shipping, product as expected.",real
rebecca10,2025-09-30,5,"Happy with the purchase, very good.",real
philipbullock,2024-09-08,4,"Excellent product, very useful.",real
robertshaw,2025-08-17,1,"This is a fake product, do not buy.",fake
pkennedy,2025-11-03,1,Scam! Paid for nothing.,fake
wallsjoseph,2023-12-24,2,"Fake review, they gave me free product.",fake
gabriel68,2024-11-14,2,"Terrible product, completely fake.",fake
crawfordmorgan,2025-04-30,2,"Awful experience, do not trust.",fake
paige30,2024-11-24,1,"Fraudulent seller, item never arrived.",fake
cassandrahopkins,2025-06-27,1,"Fake item, very disappointed.",fake
lallen,2025-10-01,1,"Product is fake, not as described.",fake
cmccarthy,2025-01-18,1,"Received a fake product, warning!",fake
pjohnston,2025-08-21,1,"This is a scam, waste of money.",fake
dwest,2025-01-14,2,"Fake review, they paid me to write this.",fake
brandon23,2025-10-06,2,"Do not buy, product is counterfeit.",fake
hendersonfred,2024-12-18,2,"Fake product, arrived broken.",fake
glassdouglas,2025-06-19,1,"Scam seller, do not order.",fake
stevenwilliams,2025-03-29,1,"Fake, completely misleading description.",fake
ujohnson,2025-06-04,2,"Product is not real, very unhappy.",fake
amandawarner,2025-05-19,2,"Awful, product is fake and poor quality.",fake
gowens,2025-03-07,1,"Fake item, they tricked me.",fake
johnrobles,2025-06-27,2,"Scam product, beware!",fake
kimberly32,2024-04-08,1,"Received fake product, total fraud.",fake
brandonpowers,2024-02-09,2,"Fake review, they tricked customers.",fake
codymccarthy,2025-05-30,2,"Do not trust, product is fake.",fake
brad35,2024-05-16,1,"Fake product, terrible experience.",fake
ywong,2024-01-26,1,"Counterfeit item, very disappointed.",fake
kennedychristina,2024-06-09,2,"Fake, not worth the money.",fake
janicecarson,2025-04-13,1,"Fraudulent product, do not buy.",fake
jasonortiz,2024-04-27,2,"Scam, completely fake item.",fake
garciajessica,2023-12-23,2,"Fake review, false claims.",fake
carrie09,2024-10-11,2,"Product is fake, avoid purchasing.",fake
bernardrita,2025-06-08,1,"Do not order, fake seller.",fake
powellbarry,2025-04-02,2,"Fake product, totally misleading.",fake
pmcfarland,2024-07-22,1,"Terrible fake item, very disappointed.",fake
harriskatie,2024-01-04,1,"Fake review, do not trust this.",fake
kevincollins,2025-01-18,1,"Completely fake, total scam.",fake
xpeterson,2025-07-22,2,"Awful, product is counterfeit.",fake
newmanadriana,2025-02-09,4,Absolutely loved the quality and packaging.,real
bakerjohn,2024-03-15,4,Product came early and was well packed.,real
lopeztara,2024-08-07,4,"Very easy to use, totally satisfied.",real
jesus33,2025-07-12,5,Helpful customer service and fast delivery.,real
iortiz,2025-10-28,5,The material feels premium and strong.,real
uwest,2024-07-06,5,Item matched the pictures perfectly.,real
amandagriffin,2025-09-11,5,"Good experience, would recommend to friends.",real
zacharywoodard,2025-09-21,4,"Works great, no issues so far.",real
ddonaldson,2024-08-19,5,Excellent battery life and smooth performance.,real
finleydana,2024-10-25,5,Received genuine product with warranty card.,real
kimberly98,2025-05-01,5,Product was brand new and sealed.,real
greenejennifer,2024-10-02,5,Quick response from the support team.,real
kathleen29,2023-12-26,4,"Great deal for the price, works fine.",real
leslie68,2025-10-04,5,Perfect condition and well protected during shipping.,real
jared68,2025-10-12,4,Very convenient and affordable.,real
millerkenneth,2024-01-02,5,Item is sturdy and durable.,real
justinbrown,2023-11-26,4,Super happy with my purchase!,real
sydney08,2024-08-14,4,Meets all my expectations.,real
hbeck,2024-01-23,5,Exactly what I was looking for.,real
christiangraham,2025-02-11,5,Delivery was faster than expected.,real
garciajacob,2024-12-28,5,"Reliable seller, will shop again.",real
rjordan,2025-04-16,5,Top-notch service and communication.,real
jamesthomas,2024-03-08,5,Product quality is excellent for daily use.,real
hailey80,2024-02-06,5,Feels authentic and well made.,real
malexander,2025-03-22,4,Good product with fair pricing.,real
richjustin,2024-07-03,4,Item arrived on time and works flawlessly.,real
sclayton,2025-02-07,4,Highly satisfied with the purchase.,real
brittanyjohnson,2025-03-17,5,Perfect fit and easy to install.,real
marialawson,2025-03-23,4,Impressed with the quick turnaround time.,real
anthony42,2024-11-04,4,Everything works perfectly fine.,real
ipotter,2024-03-14,4,"Solid build quality, worth the cost.",real
adammoore,2024-07-16,5,"Received in good condition, happy with it.",real
wrightthomas,2024-08-04,4,Smooth and efficient performance.,real
petercurtis,2024-01-13,5,Exactly as shown in the description.,real
timothy27,2024-06-06,4,Looks elegant and performs well.,real
mmartinez,2024-02-03,5,Reliable and user-friendly.,real
joncook,2025-08-29,5,Product performs as expected.,real
william53,2025-07-08,5,"Great buy, no regrets!",real
loriowens,2024-08-30,5,Good product from a trusted brand.,real
twaters,2025-10-26,4,Excellent design and usability.,real
marylyons,2024-07-11,4,"Received original product, not duplicate.",real
devon13,2023-12-23,4,All accessories were included in the box.,real
emilysmith,2024-06-02,5,Superb quality and fast response.,real
matthewbennett,2025-02-26,4,Product is efficient and works perfectly.,real
erica95,2024-02-01,4,Neatly packed and safely delivered.,real
emilyroberts,2025-04-09,5,Truly satisfied with my first order.,real
ericwilliams,2024-12-20,5,Great for everyday use.,real
harry29,2024-04-13,4,Easy to clean and maintain.,real
amber16,2025-01-18,5,"Met all my needs, will order more.",real
taylorbrian,2025-09-21,4,Smooth transaction and delivery.,real
nicolegoodman,2025-04-14,4,Excellent craftsmanship and finishing.,real
rachelavery,2023-11-11,4,Real product with authentic packaging.,real
ojacobs,2024-06-27,5,Everything was as promised.,real
mark27,2025-08-01,5,Great sound quality and comfort.,real
bcarter,2024-06-09,5,Product arrived earlier than mentioned.,real
brownlori,2023-11-16,5,Very effective and long-lasting.,real
mitchellandrew,2025-06-12,5,"Good packaging, product undamaged.",real
jonathan02,2025-01-02,4,Performs better than expected.,real
brownjill,2024-07-26,4,Nice experience overall.,real
swilliams,2023-11-26,5,Good for personal and professional use.,real
kevin84,2024-01-15,4,Very responsive customer care.,real
martin85,2025-08-03,4,Product looks premium and feels sturdy.,real
cnorris,2025-05-19,4,Received item in good shape.,real
ruthchambers,2025-02-23,5,"Packaging was excellent, product genuine.",real
smorales,2024-04-26,5,"Using it for weeks, still works like new.",real
kyle01,2024-11-08,5,Got a genuine product with invoice.,real
davislori,2025-03-28,4,"Authentic product, verified serial number.",real
william78,2024-09-24,5,"Smooth order process, no complaints.",real
floreslaurie,2024-08-25,5,Performs great under heavy usage.,real
brittney96,2024-01-26,4,Good feedback mechanism from seller.,real
rgibson,2025-10-18,5,Really happy with the quality.,real
pamela62,2024-03-25,4,Item was brand new and original.,real
ucole,2024-08-05,4,Product is genuine and reliable.,real
markdavis,2025-08-17,5,Top quality at affordable price.,real
vegajames,2023-12-15,5,Highly efficient and lightweight.,real
ypruitt,2025-10-18,5,Met all my expectations perfectly.,real
juan59,2025-02-25,4,Product performance is outstanding.,real
lewiscameron,2023-12-10,5,"Perfectly functional, no defects.",real
jacobbrown,2024-07-18,5,Absolutely value for money.,real
aibarra,2024-01-16,4,Great shopping experience overall.,real
jasonmorrison,2024-01-14,5,Very high-quality build.,real
elizabethmcdonald,2023-11-19,5,Received authentic item in sealed pack.,real
wilsondonald,2025-04-30,5,"Product works as described, no complaints.",real
joelroberts,2024-02-11,4,Good packaging and smooth setup.,real
thomasmyers,2024-06-24,5,Reliable delivery and service.,real
alexander63,2024-12-15,4,"Excellent performance, totally worth it.",real
joneseric,2024-05-23,5,"Very helpful seller, good communication.",real
anthony56,2025-09-08,4,Product meets advertised specifications.,real
pwhitney,2024-08-29,5,Works seamlessly with my other devices.,real
christianbenitez,2025-09-08,4,Perfectly operational since delivery.,real
justin15,2024-01-13,5,Customer support was polite and efficient.,real
alec54,2025-02-19,4,Completely satisfied with this purchase.,real
rodriguezelizabeth,2024-04-30,4,Works just like the official version.,real
sampsonjessica,2024-05-17,4,Received invoice and warranty as expected.,real
sandragutierrez,2025-07-23,4,Really good experience overall.,real
hwashington,2024-08-26,4,Excellent quality and quick response time.,real
matthewoconnor,2024-10-23,4,Product lives up to its reputation.,real
esnow,2025-05-16,4,Totally authentic product received.,real
vaughnryan,2024-02-28,4,Superb quality and great price.,real
christensenmelissa,2024-01-03,4,Would definitely buy again.,real
henrybyrd,2025-03-01,2,"This product is terrible, fake quality!",fake
prattbecky,2025-05-03,2,They sent me a used item pretending it’s new.,fake
qjones,2024-02-10,1,"Fake seller, don’t waste your money!",fake
onguyen,2025-06-16,1,"Received counterfeit product, total scam.",fake
santiagogregory,2024-10-26,1,"Completely false reviews, product is garbage.",fake
karenhodge,2024-08-31,2,They paid people to write good reviews.,fake
williamsstephanie,2024-05-25,1,Looks genuine online but it’s fake.,fake
mroberts,2024-03-05,2,"Cheap duplicate, not worth buying.",fake
yorkpatricia,2025-06-03,2,"Awful service, fake product.",fake
zfoley,2025-09-23,2,"Scam website, never got my product.",fake
tyler37,2023-12-08,2,"Fake packaging, product not original.",fake
livingstonsteven,2024-03-06,1,This is a fraudulent listing!,fake
shahashley,2024-04-22,2,"Product is fake, do not trust.",fake
ybarrett,2024-09-09,2,"Completely misleading description, fake item.",fake
andrewburch,2024-06-08,1,"Scam seller, no refund or support.",fake
michael78,2025-10-12,2,"Fake reviews everywhere, don’t believe them.",fake
mcintyredaniel,2025-04-14,1,Received damaged fake product.,fake
jake23,2024-06-09,2,Item looks used and cheap.,fake
alvarezdonald,2025-05-04,1,They sent me a totally different item.,fake
ycaldwell,2024-09-28,2,Fake item pretending to be branded.,fake
jill45,2025-03-20,2,"Product didn’t work at all, total fraud.",fake
gomezgregory,2024-07-21,2,"This is not original, total scam.",fake
patrickwatson,2025-05-18,1,Seller is cheating customers with fake goods.,fake
larsenmichael,2024-04-07,2,Product stopped working after one day.,fake
daniel87,2024-03-01,2,Fake copy of original brand.,fake
stacey37,2025-02-01,1,"Completely unreliable seller, fake items.",fake
heatherhansen,2023-12-18,2,Product came broken and unusable.,fake
nicole82,2025-05-15,1,"Not real product, looks like a replica.",fake
laura08,2024-08-18,1,Seller refuses refund for fake product.,fake
raymond29,2025-06-09,2,"Fake listing, waste of money.",fake
millsjoseph,2024-03-28,2,"Do not trust these reviews, all fake.",fake
villanuevarachel,2024-05-30,1,Product is defective and fake.,fake
robertsonkeith,2025-01-17,1,"They scammed me, sent a fake one.",fake
keith70,2025-08-27,2,"Counterfeit item, no brand tag.",fake
djohnson,2024-08-07,1,Fake charger and low-quality item.,fake
urobertson,2025-08-11,1,"Duplicate product, poor quality.",fake
angelaschmidt,2024-11-10,1,Scam alert! Avoid this seller.,fake
belinda92,2024-10-03,1,"Totally disappointed, fake quality.",fake
paul32,2025-03-13,1,"Fake build, product feels cheap.",fake
bryanmaria,2024-08-03,1,"Counterfeit brand name, avoid!",fake
tylerfox,2024-12-31,1,Product does not match the description.,fake
douglas16,2024-01-28,2,Looks like a fake imitation.,fake
michaelgriffith,2024-09-05,1,"Scam, I lost my money.",fake
sandra46,2024-07-16,1,"Poor quality, fake performance.",fake
hallbreanna,2025-08-04,1,Seller sold a duplicate copy.,fake
tammy99,2024-11-04,2,Received completely wrong product.,fake
uedwards,2025-10-03,2,"Fake item, they tricked customers.",fake
phillipsmichael,2025-05-16,2,"Item is not genuine, total fraud.",fake
ybennett,2024-08-15,1,Scam product with fake branding.,fake
woodronnie,2024-04-10,1,Product stopped working in one day.,fake
leemichael,2025-04-30,2,"Awful experience, fake product.",fake
martinezshannon,2025-06-29,2,Fake serial number and no warranty.,fake
thomassmith,2025-03-04,2,"Fraudulent item, not from brand.",fake
manuelwalker,2024-05-03,2,Duplicate version pretending to be real.,fake
higginsmelissa,2025-09-24,2,"Terrible quality, fake claim.",fake
ktate,2025-08-18,2,Don’t fall for fake positive reviews.,fake
valexander,2025-10-16,1,Product looks real but isn’t.,fake
mallory24,2025-06-16,2,Seller shipped counterfeit goods.,fake
tkelly,2023-12-17,2,"Scam, totally fake website.",fake
rgiles,2024-02-11,1,"Fake parts used, not original.",fake
woodanthony,2024-07-10,1,Received fake product with missing parts.,fake
david53,2025-08-05,1,Product doesn’t even switch on.,fake
wgriffin,2024-01-26,1,Completely fake advertisement.,fake
mtodd,2025-09-12,2,"Terrible seller, fake service.",fake
jamessimmons,2025-09-26,1,"Scam site, no customer care.",fake
penajennifer,2024-03-21,1,Got fake product without box.,fake
dorothy77,2023-11-25,1,"Fake listing, avoid this brand.",fake
amanda23,2025-05-28,1,Poor packaging and duplicate item.,fake
elizabethduarte,2025-06-03,2,"Seller is fraud, product is fake.",fake
simpsonlaurie,2025-08-07,1,Received fake version of branded item.,fake
umcgrath,2024-02-27,2,Fake accessories and fake reviews.,fake
scott49,2025-07-22,1,Looks like cheap copy of original.,fake
aprilmiller,2023-12-12,1,Completely non-functional fake item.,fake
martinchristopher,2024-07-04,1,"Scammy marketing, fake product.",fake
john99,2025-07-06,1,Got duplicate instead of original.,fake
john41,2024-07-21,2,"Fake product, no barcode or tag.",fake
johnsonmichael,2025-09-07,1,Product didn’t even arrive!,fake
newmanmichael,2024-10-19,2,"Counterfeit model, don’t buy.",fake
bensonjamie,2024-04-25,2,"Fake service, no refund issued.",fake
nharris,2025-02-25,1,"Scam seller, wrong product sent.",fake
andrew33,2024-11-30,2,"Fake website, fake product!",fake
dorseyabigail,2023-11-28,2,"Received broken item, fake build.",fake
ijones,2024-05-23,2,Low-quality duplicate item.,fake
jason39,2024-02-25,2,Seller is cheating people.,fake
billsheppard,2024-04-11,1,Product doesn’t match images.,fake
evansamy,2024-09-30,2,Totally fake and useless.,fake
emilywilliams,2025-09-09,1,"Fraud seller, fake listings.",fake
calebmoore,2023-12-14,1,"Fake claims, not real product.",fake
dereksims,2025-01-21,1,"Do not purchase, total scam.",fake
peter21,2025-08-27,1,"Counterfeit quality, very poor.",fake
charles38,2024-09-05,2,"Scam seller, fake guarantee.",fake
heidigutierrez,2024-09-26,1,"Fake imitation, not original.",fake
ayalajoshua,2024-08-02,2,Completely fake item sent.,fake
michelle54,2024-08-07,2,"Fraudulent store, fake products.",fake
iwebb,2024-06-05,1,Fake label and cheap material.,fake
jacksonterry,2024-01-13,2,Looks like used fake item.,fake
carolynlivingston,2023-11-21,2,Received fake charger.,fake
kramirez,2024-07-22,2,Poor imitation product.,fake
samuelsnow,2024-03-26,2,Scam — totally fake!,fake
jennifergibson,2025-03-17,2,"Fake, not recommended at all.",fake
dominique99,2024-05-03,5,I absolutely love this product! Works perfectly.,real
simmonsjennifer,2025-05-27,5,Fast delivery and excellent quality.,real
spencercollins,2025-01-05,5,"Very satisfied, will buy again.",real
toddwinters,2025-10-04,5,"Item as described, happy with purchase.",real
davidwilson,2024-07-01,5,"Great customer service, very helpful.",real
derek17,2024-03-08,4,"High quality, exactly what I needed.",real
dparker,2025-08-14,5,"Received the product on time, works well.",real
jonathan90,2024-06-01,5,"Five stars, highly recommend!",real
rhansen,2025-08-26,4,Product exceeded my expectations.,real
darrelljackson,2025-10-06,4,Excellent packaging and quick shipping.,real
mario31,2025-04-04,5,"Top-notch quality, very happy.",real
tinagolden,2024-02-09,4,Item works exactly as advertised.,real
kellymarie,2025-07-10,4,"Impressed with the product, will order more.",real
jasonlewis,2025-09-07,4,"Fast shipping, item as described.",real
rchavez,2025-04-17,5,"Very reliable product, works great.",real
coffeybradley,2025-02-06,4,"Pleasant experience, product is good.",real
ivalenzuela,2025-05-22,4,Good quality and affordable price.,real
cookhector,2024-09-12,5,Product matches description perfectly.,real
hernandezshane,2025-02-13,5,Item arrived quickly and works fine.,real
robert37,2024-07-16,4,"Fantastic product, worth the money.",real
whiteryan,2023-12-02,5,Really happy with the purchase.,real
fthornton,2025-02-02,4,"Quality is excellent, highly recommend.",real
uarmstrong,2025-05-15,5,Great value for the price.,real
nhunter,2025-01-31,5,"Item functions well, happy with it.",real
pyoder,2023-11-19,5,Easy to use and very reliable.,real
matthew68,2025-08-18,5,"Excellent product, very satisfied.",real
whiteheadmelissa,2025-06-20,5,Good packaging and fast delivery.,real
hthompson,2025-09-24,5,Product arrived in perfect condition.,real
lcook,2025-10-07,4,"Met my expectations, good quality.",real
loriflores,2024-11-25,4,Will definitely buy again.,real
edwardsmark,2025-07-27,5,"Product performs well, very happy.",real
knightlance,2025-01-19,5,"Happy with the purchase, highly recommend.",real
anne78,2024-05-06,5,"Excellent value, works perfectly.",real
revans,2025-08-10,4,"Very good experience, product is reliable.",real
fisherjoshua,2024-03-15,5,"Fast delivery, product works fine.",real
clarkyvonne,2024-06-05,4,Item is exactly as described.,real
kimberly07,2024-07-21,4,"Top quality, very satisfied.",real
charleshernandez,2024-10-21,5,Product is reliable and easy to use.,real
ryan23,2024-11-09,4,"Exceeded expectations, excellent product.",real
wruiz,2025-03-11,5,"Product works well, happy with it.",real
taylorpatricia,2025-05-24,4,"Good product, fast delivery.",real
muellerjeremy,2024-05-14,5,Highly recommend this product.,real
judith14,2024-09-06,4,Item is high quality and works perfectly.,real
rmorrison,2024-11-02,4,"Excellent service, product arrived fast.",real
marshallwilliam,2025-02-10,5,Very happy with product performance.,real
edwin04,2024-05-06,5,"Good quality, matches description.",real
powellshane,2024-06-03,5,Product is durable and reliable.,real
xhill,2025-08-08,5,"Fast shipping, product as expected.",real
robertsonrichard,2024-12-11,5,"Happy with the purchase, very good.",real
amy88,2024-07-17,5,"Excellent product, very useful.",real
bschmitt,2025-07-15,2,"This is a fake product, do not buy.",fake
millerdaniel,2025-10-19,1,Scam! Paid for nothing.,fake
barnesnathan,2023-11-17,1,"Fake review, they gave me free product.",fake
williampeters,2024-10-13,2,"Terrible product, completely fake.",fake
qjohnson,2025-11-01,1,"Awful experience, do not trust.",fake
floresabigail,2025-03-17,2,"Fraudulent seller, item never arrived.",fake
yrivera,2024-03-19,2,"Fake item, very disappointed.",fake
uking,2024-05-01,2,"Product is fake, not as described.",fake
maria94,2024-03-18,1,"Received a fake product, warning!",fake
charles70,2024-05-24,1,"This is a scam, waste of money.",fake
simpsonmichelle,2025-08-04,1,"Fake review, they paid me to write this.",fake
patricia14,2025-08-26,1,"Do not buy, product is counterfeit.",fake
jenniferberry,2024-02-21,1,"Fake product, arrived broken.",fake
kaylajacobs,2024-04-03,1,"Scam seller, do not order.",fake
fwilliams,2024-10-14,2,"Fake, completely misleading description.",fake
thomasray,2024-08-17,2,"Product is not real, very unhappy.",fake
ashley87,2024-04-01,1,"Awful, product is fake and poor quality.",fake
brian89,2025-10-08,2,"Fake item, they tricked me.",fake
renee79,2024-02-10,1,"Scam product, beware!",fake
kathleenmitchell,2025-09-02,1,"Received fake product, total fraud.",fake
richard55,2024-04-16,1,"Fake review, they tricked customers.",fake
travisfitzgerald,2023-11-27,2,"Do not trust, product is fake.",fake
zperez,2024-04-22,1,"Fake product, terrible experience.",fake
theresabanks,2024-04-20,1,"Counterfeit item, very disappointed.",fake
cookmelinda,2023-12-04,2,"Fake, not worth the money.",fake
rebecca79,2024-08-21,2,"Fraudulent product, do not buy.",fake
raymondjones,2025-04-27,2,"Scam, completely fake item.",fake
jgonzalez,2025-10-16,2,"Fake review, false claims.",fake
maxwell47,2025-10-08,2,"Product is fake, avoid purchasing.",fake
jacobbarber,2025-06-28,1,"Do not order, fake seller.",fake
tcolon,2024-01-16,2,"Fake product, totally misleading.",fake
jeffrey20,2024-09-12,1,"Terrible fake item, very disappointed.",fake
valenciateresa,2025-10-13,1,"Fake review, do not trust this.",fake
michaelgonzales,2023-12-10,2,"Completely fake, total scam.",fake
rhobbs,2025-01-22,2,"Awful, product is counterfeit.",fake
matthew73,2024-06-29,4,Absolutely loved the quality and packaging.,real
jacob59,2025-01-18,5,Product came early and was well packed.,real
walterchristina,2025-01-27,4,"Very easy to use, totally satisfied.",real
bradley84,2024-01-17,4,Helpful customer service and fast delivery.,real
mccormickalicia,2025-08-06,5,The material feels premium and strong.,real
christopher09,2024-01-10,4,Item matched the pictures perfectly.,real
amberevans,2024-02-01,5,"Good experience, would recommend to friends.",real
kenneth48,2025-02-05,4,"Works great, no issues so far.",real
haileycole,2025-05-27,4,Excellent battery life and smooth performance.,real
carterpamela,2025-10-28,4,Received genuine product with warranty card.,real
douglasmitchell,2025-06-17,4,Product was brand new and sealed.,real
desiree16,2023-11-25,4,Quick response from the support team.,real
john45,2024-05-01,5,"Great deal for the price, works fine.",real
brittany74,2024-11-03,5,Perfect condition and well protected during shipping.,real
daniel84,2023-12-01,5,Very convenient and affordable.,real
melaniejohnson,2023-12-12,5,Item is sturdy and durable.,real
vspencer,2024-09-29,4,Super happy with my purchase!,real
mitchell99,2024-08-31,4,Meets all my expectations.,real
rpatterson,2024-04-01,5,Exactly what I was looking for.,real
howellmatthew,2025-01-29,4,Delivery was faster than expected.,real
fmorris,2025-05-19,5,"Reliable seller, will shop again.",real
dianeadkins,2025-01-04,4,Top-notch service and communication.,real
andersonchristopher,2025-04-25,4,Product quality is excellent for daily use.,real
nroach,2024-07-23,4,Feels authentic and well made.,real
bernardsarah,2025-06-09,4,Good product with fair pricing.,real
lreynolds,2024-04-08,5,Item arrived on time and works flawlessly.,real
joseph17,2024-07-14,4,Highly satisfied with the purchase.,real
guerreroshawn,2025-07-26,4,Perfect fit and easy to install.,real
kyle18,2025-11-02,5,Impressed with the quick turnaround time.,real
jburton,2024-06-29,4,Everything works perfectly fine.,real
jadkins,2024-09-02,5,"Solid build quality, worth the cost.",real
davismatthew,2024-09-14,4,"Received in good condition, happy with it.",real
garciacynthia,2024-12-25,5,Smooth and efficient performance.,real
lopezjennifer,2025-05-20,5,Exactly as shown in the description.,real
hernandezmelanie,2024-09-01,4,Looks elegant and performs well.,real
marisa52,2025-03-26,4,Reliable and user-friendly.,real
michaellittle,2024-06-01,4,Product performs as expected.,real
acastro,2024-04-12,5,"Great buy, no regrets!",real
alvaradorobert,2025-09-05,4,Good product from a trusted brand.,real
hnicholson,2024-12-25,5,Excellent design and usability.,real
whitesarah,2024-05-21,4,"Received original product, not duplicate.",real
brightcraig,2024-07-22,5,All accessories were included in the box.,real
npark,2025-08-09,5,Superb quality and fast response.,real
charles22,2025-01-21,4,Product is efficient and works perfectly.,real
bparker,2024-06-07,5,Neatly packed and safely delivered.,real
terrypaul,2025-04-21,5,Truly satisfied with my first order.,real
qbarnes,2024-02-16,4,Great for everyday use.,real
cheryl81,2024-07-25,4,Easy to clean and maintain.,real
paulasantana,2025-08-26,4,"Met all my needs, will order more.",real
catherineporter,2025-03-19,4,Smooth transaction and delivery.,real
brooke83,2023-12-12,4,Excellent craftsmanship and finishing.,real
heidibarker,2024-01-06,4,Real product with authentic packaging.,real
mwilkins,2024-05-01,4,Everything was as promised.,real
laura12,2024-03-15,4,Great sound quality and comfort.,real
josewarner,2024-09-23,4,Product arrived earlier than mentioned.,real
andre85,2024-02-09,4,Very effective and long-lasting.,real
zfuentes,2024-01-10,4,"Good packaging, product undamaged.",real
millerbrittany,2023-11-12,5,Performs better than expected.,real
agallagher,2024-09-08,5,Nice experience overall.,real
aaronthompson,2024-12-06,4,Good for personal and professional use.,real
frazierrichard,2024-01-24,4,Very responsive customer care.,real
lisa35,2024-05-31,5,Product looks premium and feels sturdy.,real
loriadams,2025-07-09,4,Received item in good shape.,real
gentrykathy,2025-09-06,5,"Packaging was excellent, product genuine.",real
rebekahjohnson,2023-11-21,4,"Using it for weeks, still works like new.",real
chelseabarrett,2024-05-04,4,Got a genuine product with invoice.,real
wzimmerman,2025-05-28,5,"Authentic product, verified serial number.",real
daniel21,2024-05-07,5,"Smooth order process, no complaints.",real
jesseclark,2024-04-03,4,Performs great under heavy usage.,real
james33,2025-07-07,4,Good feedback mechanism from seller.,real
btorres,2025-03-26,4,Really happy with the quality.,real
lhernandez,2025-02-16,5,Item was brand new and original.,real
vscott,2025-04-13,4,Product is genuine and reliable.,real
cherylburton,2025-02-22,5,Top quality at affordable price.,real
josephamanda,2024-12-08,4,Highly efficient and lightweight.,real
sarahgregory,2024-04-17,4,Met all my expectations perfectly.,real
millerjerry,2024-12-07,5,Product performance is outstanding.,real
ginamoore,2024-04-22,5,"Perfectly functional, no defects.",real
hallmichael,2025-01-11,4,Absolutely value for money.,real
cookbrittany,2024-02-18,4,Great shopping experience overall.,real
vhull,2024-10-19,5,Very high-quality build.,real
jenniferpaul,2024-07-09,4,Received authentic item in sealed pack.,real
michelle48,2023-12-13,5,"Product works as described, no complaints.",real
kristy23,2024-08-05,5,Good packaging and smooth setup.,real
meganosborne,2024-12-26,4,Reliable delivery and service.,real
danaturner,2025-10-16,4,"Excellent performance, totally worth it.",real
jillian31,2025-11-04,5,"Very helpful seller, good communication.",real
andrew87,2025-08-14,4,Product meets advertised specifications.,real
tsmith,2025-04-03,4,Works seamlessly with my other devices.,real
edwardrussell,2025-11-07,5,Perfectly operational since delivery.,real
hendersonlisa,2024-11-03,4,Customer support was polite and efficient.,real
cummingsandrew,2025-10-12,5,Completely satisfied with this purchase.,real
victor50,2024-04-12,4,Works just like the official version.,real
elarson,2025-11-01,5,Received invoice and warranty as expected.,real
aaron52,2024-06-05,5,Really good experience overall.,real
vgiles,2024-11-06,5,Excellent quality and quick response time.,real
jenna23,2024-12-24,4,Product lives up to its reputation.,real
donnahardy,2024-07-28,4,Totally authentic product received.,real
ppalmer,2024-08-08,4,Superb quality and great price.,real
robertsandrea,2025-04-18,4,Would definitely buy again.,real
sochoa,2025-04-11,2,"This product is terrible, fake quality!",fake
gregorynorman,2025-07-08,2,They sent me a used item pretending it’s new.,fake
schwartzbrittany,2023-12-03,1,"Fake seller, don’t waste your money!",fake
pamela27,2024-04-09,2,"Received counterfeit product, total scam.",fake
mary98,2023-11-10,1,"Completely false reviews, product is garbage.",fake
mooreelizabeth,2025-04-23,1,They paid people to write good reviews.,fake
smithdavid,2025-01-09,1,Looks genuine online but it’s fake.,fake
patrick40,2025-03-14,1,"Cheap duplicate, not worth buying.",fake
josephdillon,2025-09-29,1,"Awful service, fake product.",fake
apriljones,2025-04-07,2,"Scam website, never got my product.",fake
diazrhonda,2024-04-27,1,"Fake packaging, product not original.",fake
marcusdavis,2024-10-18,2,This is a fraudulent listing!,fake
johnsonchristopher,2024-04-21,2,"Product is fake, do not trust.",fake
johnparker,2024-02-13,1,"Completely misleading description, fake item.",fake
sanchezalexander,2024-07-11,1,"Scam seller, no refund or support.",fake
padillacurtis,2024-01-19,1,"Fake reviews everywhere, don’t believe them.",fake
lowejerome,2023-12-16,2,Received damaged fake product.,fake
buckgrant,2025-03-21,2,Item looks used and cheap.,fake
james33,2025-10-16,1,They sent me a totally different item.,fake
anne54,2024-07-03,2,Fake item pretending to be branded.,fake
isabelrodriguez,2024-09-13,1,"Product didn’t work at all, total fraud.",fake
jesseadams,2024-05-24,1,"This is not original, total scam.",fake
odomamber,2024-12-03,2,Seller is cheating customers with fake goods.,fake
joshua16,2025-05-08,1,Product stopped working after one day.,fake
tracy88,2024-05-26,1,Fake copy of original brand.,fake
jamesnguyen,2024-04-24,2,"Completely unreliable seller, fake items.",fake
pruittbrett,2025-03-29,2,Product came broken and unusable.,fake
sabrina48,2023-12-06,2,"Not real product, looks like a replica.",fake
pammartinez,2025-10-09,1,Seller refuses refund for fake product.,fake
smithmatthew,2025-06-03,1,"Fake listing, waste of money.",fake
williamslauren,2025-07-26,1,"Do not trust these reviews, all fake.",fake
sara30,2025-06-12,1,Product is defective and fake.,fake
haleydougherty,2024-11-21,1,"They scammed me, sent a fake one.",fake
alexis15,2024-11-22,1,"Counterfeit item, no brand tag.",fake
charles17,2025-07-08,2,Fake charger and low-quality item.,fake
matthew94,2024-12-05,1,"Duplicate product, poor quality.",fake
qrios,2024-11-18,1,Scam alert! Avoid this seller.,fake
wgilbert,2024-07-23,2,"Totally disappointed, fake quality.",fake
edward46,2025-08-07,2,"Fake build, product feels cheap.",fake
wbarber,2024-01-19,1,"Counterfeit brand name, avoid!",fake
rmendez,2024-04-16,2,Product does not match the description.,fake
david78,2024-06-05,1,Looks like a fake imitation.,fake
esaunders,2025-10-27,2,"Scam, I lost my money.",fake
shelbysmith,2024-06-05,1,"Poor quality, fake performance.",fake
brittney69,2024-05-12,1,Seller sold a duplicate copy.,fake
thomaswilliams,2025-07-18,1,Received completely wrong product.,fake
christy69,2024-10-15,1,"Fake item, they tricked customers.",fake
zadkins,2025-06-05,1,"Item is not genuine, total fraud.",fake
martinezkenneth,2025-04-08,2,Scam product with fake branding.,fake
vsmith,2024-10-21,1,Product stopped working in one day.,fake
marshallrebecca,2024-03-04,1,"Awful experience, fake product.",fake
christopher57,2025-06-06,2,Fake serial number and no warranty.,fake
rodriguezsandra,2024-10-20,1,"Fraudulent item, not from brand.",fake
gallaghersandra,2025-03-04,1,Duplicate version pretending to be real.,fake
lewisdonald,2025-04-08,2,"Terrible quality, fake claim.",fake
lstone,2024-07-13,2,Don’t fall for fake positive reviews.,fake
josephrivera,2025-04-02,1,Product looks real but isn’t.,fake
lowemargaret,2024-03-29,2,Seller shipped counterfeit goods.,fake
browndennis,2024-12-27,2,"Scam, totally fake website.",fake
biancahiggins,2025-08-26,2,"Fake parts used, not original.",fake
mike46,2025-03-18,2,Received fake product with missing parts.,fake
wbaker,2025-04-26,2,Product doesn’t even switch on.,fake
thomascody,2025-03-22,1,Completely fake advertisement.,fake
tiffanyking,2025-08-10,1,"Terrible seller, fake service.",fake
twilliams,2025-08-23,2,"Scam site, no customer care.",fake
hmclean,2024-12-16,2,Got fake product without box.,fake
jamesmahoney,2025-04-02,1,"Fake listing, avoid this brand.",fake
rebeccawhite,2024-07-04,1,Poor packaging and duplicate item.,fake
williamsbrandon,2024-07-28,1,"Seller is fraud, product is fake.",fake
mharrison,2025-04-29,2,Received fake version of branded item.,fake
byrdchristopher,2025-06-16,2,Fake accessories and fake reviews.,fake
daniel82,2024-03-30,1,Looks like cheap copy of original.,fake
madeline89,2024-06-19,2,Completely non-functional fake item.,fake
birdkathleen,2024-08-21,2,"Scammy marketing, fake product.",fake
rreyes,2023-12-02,2,Got duplicate instead of original.,fake
thomas67,2025-09-17,1,"Fake product, no barcode or tag.",fake
ijackson,2024-02-27,2,Product didn’t even arrive!,fake
ojenkins,2024-03-19,2,"Counterfeit model, don’t buy.",fake
arandolph,2025-03-27,2,"Fake service, no refund issued.",fake
christopherbrown,2025-04-03,1,"Scam seller, wrong product sent.",fake
guerrerokurt,2025-02-11,1,"Fake website, fake product!",fake
josephoconnor,2025-09-18,2,"Received broken item, fake build.",fake
michelle57,2025-01-23,1,Low-quality duplicate item.,fake
justinfranklin,2024-08-22,1,Seller is cheating people.,fake
moralesjoshua,2025-03-06,2,Product doesn’t match images.,fake
deanjones,2025-06-12,2,Totally fake and useless.,fake
davidboyd,2023-11-21,2,"Fraud seller, fake listings.",fake
lawsontimothy,2023-11-20,2,"Fake claims, not real product.",fake
cynthiahanson,2024-05-14,1,"Do not purchase, total scam.",fake
vwyatt,2024-07-11,2,"Counterfeit quality, very poor.",fake
lunabrian,2024-11-02,2,"Scam seller, fake guarantee.",fake
david18,2024-12-09,1,"Fake imitation, not original.",fake
abbottbecky,2024-05-08,2,Completely fake item sent.,fake
hjacobs,2024-08-03,1,"Fraudulent store, fake products.",fake
michael20,2024-07-27,2,Fake label and cheap material.,fake
davidclark,2025-10-09,2,Looks like used fake item.,fake
sarahlopez,2025-01-21,2,Received fake charger.,fake
fbecker,2024-08-02,2,Poor imitation product.,fake
kelly72,2023-12-14,2,Scam — totally fake!,fake
hopkinsnicholas,2024-03-24,2,"Fake, not recommended at all.",fake
floreskaren,2024-05-21,4,I absolutely love this product! Works perfectly.,real
atkinskathryn,2024-08-10,4,Fast delivery and excellent quality.,real
veronica66,2024-07-28,4,"Very satisfied, will buy again.",real
edwinlivingston,2025-06-08,4,"Item as described, happy with purchase.",real
bshaffer,2025-03-07,4,"Great customer service, very helpful.",real
gbrown,2024-10-15,4,"High quality, exactly what I needed.",real
steven86,2024-06-23,4,"Received the product on time, works well.",real
amy02,2025-02-04,4,"Five stars, highly recommend!",real
wrightrobin,2025-11-06,5,Product exceeded my expectations.,real
mary73,2024-10-04,5,Excellent packaging and quick shipping.,real
gordon50,2025-09-17,4,"Top-notch quality, very happy.",real
thompsonchloe,2024-03-09,5,Item works exactly as advertised.,real
trujillojoseph,2024-12-19,5,"Impressed with the product, will order more.",real
daviselizabeth,2024-09-17,4,"Fast shipping, item as described.",real
cjackson,2024-01-01,4,"Very reliable product, works great.",real
caldwellevan,2025-05-08,4,"Pleasant experience, product is good.",real
donna17,2025-05-27,4,Good quality and affordable price.,real
juliakim,2025-06-25,4,Product matches description perfectly.,real
ecooper,2024-02-03,4,Item arrived quickly and works fine.,real
kathy97,2024-08-30,5,"Fantastic product, worth the money.",real
ruizmichael,2023-12-18,4,Really happy with the purchase.,real
lindsey68,2024-09-27,5,"Quality is excellent, highly recommend.",real
ycooper,2025-03-03,4,Great value for the price.,real
pfernandez,2025-09-12,4,"Item functions well, happy with it.",real
jperez,2024-01-22,5,Easy to use and very reliable.,real
navarroaaron,2025-08-31,5,"Excellent product, very satisfied.",real
melissa40,2024-04-28,5,Good packaging and fast delivery.,real
nicholas08,2024-03-31,4,Product arrived in perfect condition.,real
krichardson,2025-08-25,5,"Met my expectations, good quality.",real
moorerachel,2024-10-24,5,Will definitely buy again.,real
crystalhopkins,2024-04-03,5,"Product performs well, very happy.",real
angela04,2025-09-16,4,"Happy with the purchase, highly recommend.",real
kristopher66,2024-06-09,5,"Excellent value, works perfectly.",real
eric00,2025-10-14,4,"Very good experience, product is reliable.",real
marissa59,2024-06-01,4,"Fast delivery, product works fine.",real
ybrown,2025-04-12,4,Item is exactly as described.,real
griffinscott,2025-09-10,5,"Top quality, very satisfied.",real
wrightivan,2024-01-17,4,Product is reliable and easy to use.,real
brownkatie,2024-08-02,5,"Exceeded expectations, excellent product.",real
ronniepetersen,2023-12-13,5,"Product works well, happy with it.",real
zbaldwin,2024-06-07,5,"Good product, fast delivery.",real
wshelton,2024-05-04,5,Highly recommend this product.,real
mercermichael,2025-05-29,4,Item is high quality and works perfectly.,real
imartinez,2023-11-14,5,"Excellent service, product arrived fast.",real
hansenjoshua,2024-04-08,4,Very happy with product performance.,real
jamesfuller,2025-01-05,4,"Good quality, matches description.",real
carrillojohn,2024-09-11,5,Product is durable and reliable.,real
jacksondavid,2025-02-16,4,"Fast shipping, product as expected.",real
spenceashley,2025-03-13,4,"Happy with the purchase, very good.",real
tayloralvarez,2024-06-30,5,"Excellent product, very useful.",real
alexharrington,2024-11-13,1,"This is a fake product, do not buy.",fake
monica02,2025-07-30,1,Scam! Paid for nothing.,fake
smithchristopher,2025-01-04,1,"Fake review, they gave me free product.",fake
gerald36,2025-02-10,2,"Terrible product, completely fake.",fake
lmcdonald,2024-07-26,2,"Awful experience, do not trust.",fake
johnmcneil,2025-11-05,2,"Fraudulent seller, item never arrived.",fake
melissasmith,2024-10-07,2,"Fake item, very disappointed.",fake
millerdarrell,2024-05-02,1,"Product is fake, not as described.",fake
johnpark,2023-12-08,1,"Received a fake product, warning!",fake
darryl36,2024-12-22,2,"This is a scam, waste of money.",fake
matthewwallace,2024-11-04,2,"Fake review, they paid me to write this.",fake
tonybrown,2024-01-16,1,"Do not buy, product is counterfeit.",fake
rasmussenjustin,2025-04-09,2,"Fake product, arrived broken.",fake
salaslarry,2024-10-25,2,"Scam seller, do not order.",fake
scott80,2025-05-29,2,"Fake, completely misleading description.",fake
bryancollins,2024-07-06,2,"Product is not real, very unhappy.",fake
kelsey94,2025-08-24,2,"Awful, product is fake and poor quality.",fake
williamsautumn,2024-07-20,1,"Fake item, they tricked me.",fake
mikeaustin,2025-02-28,1,"Scam product, beware!",fake
russellnichols,2025-08-25,2,"Received fake product, total fraud.",fake
bryan90,2024-06-09,2,"Fake review, they tricked customers.",fake
daniellewatson,2024-12-01,2,"Do not trust, product is fake.",fake
nicolepatterson,2024-01-01,1,"Fake product, terrible experience.",fake
joshuayoder,2024-09-26,1,"Counterfeit item, very disappointed.",fake
michaeldavis,2024-11-22,2,"Fake, not worth the money.",fake
wthomas,2024-03-09,2,"Fraudulent product, do not buy.",fake
rhonda64,2024-04-08,2,"Scam, completely fake item.",fake
jennifer00,2024-02-23,1,"Fake review, false claims.",fake
gilmorepaul,2025-01-20,1,"Product is fake, avoid purchasing.",fake
rickey41,2025-01-04,2,"Do not order, fake seller.",fake
derrickwade,2024-10-08,2,"Fake product, totally misleading.",fake
amy37,2024-11-25,2,"Terrible fake item, very disappointed.",fake
terrihines,2024-11-18,2,"Fake review, do not trust this.",fake
priceashley,2024-01-14,1,"Completely fake, total scam.",fake
danielle99,2024-05-19,2,"Awful, product is counterfeit.",fake
agraham,2025-10-31,4,Absolutely loved the quality and packaging.,real
williamsonmichael,2024-02-17,5,Product came early and was well packed.,real
kaitlyngonzalez,2024-10-06,4,"Very easy to use, totally satisfied.",real
raymelissa,2024-01-25,5,Helpful customer service and fast delivery.,real
gblackburn,2024-03-31,5,The material feels premium and strong.,real
tarawoodard,2024-02-05,4,Item matched the pictures perfectly.,real
tatejoshua,2025-09-08,5,"Good experience, would recommend to friends.",real
hford,2025-07-02,5,"Works great, no issues so far.",real
murphybrittany,2023-11-12,5,Excellent battery life and smooth performance.,real
ygreene,2024-12-26,5,Received genuine product with warranty card.,real
robertselizabeth,2024-11-16,4,Product was brand new and sealed.,real
william67,2025-01-29,5,Quick response from the support team.,real
cassandrasalazar,2024-11-01,5,"Great deal for the price, works fine.",real
michael95,2024-07-30,4,Perfect condition and well protected during shipping.,real
wrightsara,2024-01-20,4,Very convenient and affordable.,real
victorgonzalez,2024-03-10,5,Item is sturdy and durable.,real
donna00,2025-08-16,4,Super happy with my purchase!,real
campbellbrett,2025-03-22,4,Meets all my expectations.,real
lsmith,2025-05-17,4,Exactly what I was looking for.,real
bwarren,2025-01-23,5,Delivery was faster than expected.,real
harperkaren,2025-10-06,4,"Reliable seller, will shop again.",real
ahall,2024-12-24,4,Top-notch service and communication.,real
evansphillip,2024-09-23,4,Product quality is excellent for daily use.,real
tyler04,2025-04-01,4,Feels authentic and well made.,real
peterwilson,2023-12-19,5,Good product with fair pricing.,real
millerwilliam,2025-05-19,4,Item arrived on time and works flawlessly.,real
sullivanmichael,2024-07-27,4,Highly satisfied with the purchase.,real
michael98,2024-05-04,4,Perfect fit and easy to install.,real
vsanders,2025-10-03,4,Impressed with the quick turnaround time.,real
jonathancummings,2023-12-10,4,Everything works perfectly fine.,real
changleslie,2025-10-05,5,"Solid build quality, worth the cost.",real
courtney60,2025-01-03,4,"Received in good condition, happy with it.",real
amy21,2025-09-28,5,Smooth and efficient performance.,real
marcwilliams,2024-07-08,4,Exactly as shown in the description.,real
uwood,2023-12-16,4,Looks elegant and performs well.,real
jessica64,2025-03-23,5,Reliable and user-friendly.,real
rsharp,2024-04-28,4,Product performs as expected.,real
jessica76,2024-01-07,4,"Great buy, no regrets!",real
emily60,2024-11-26,5,Good product from a trusted brand.,real
smithtammy,2025-03-02,5,Excellent design and usability.,real
rcoleman,2025-07-30,5,"Received original product, not duplicate.",real
carneyjustin,2025-10-22,5,All accessories were included in the box.,real
duncanchristine,2025-10-16,5,Superb quality and fast response.,real
dhayes,2025-10-10,5,Product is efficient and works perfectly.,real
ashleymiles,2024-01-19,4,Neatly packed and safely delivered.,real
sharpjessica,2025-02-26,4,Truly satisfied with my first order.,real
zharvey,2025-04-09,5,Great for everyday use.,real
joanwoods,2024-02-01,4,Easy to clean and maintain.,real
nbeck,2024-09-24,4,"Met all my needs, will order more.",real
meadowskelly,2024-01-28,4,Smooth transaction and delivery.,real
ashleymelanie,2025-03-15,4,Excellent craftsmanship and finishing.,real
rburns,2024-09-12,4,Real product with authentic packaging.,real
sarah88,2023-12-12,5,Everything was as promised.,real
huynhkyle,2023-12-03,4,Great sound quality and comfort.,real
jthomas,2024-09-07,4,Product arrived earlier than mentioned.,real
richard27,2024-11-25,5,Very effective and long-lasting.,real
chadali,2023-12-25,4,"Good packaging, product undamaged.",real
jeremythomas,2025-04-06,5,Performs better than expected.,real
jeffreyrodriguez,2024-04-22,4,Nice experience overall.,real
thomaswilliamson,2025-09-03,5,Good for personal and professional use.,real
kevin99,2025-10-08,5,Very responsive customer care.,real
william68,2024-10-22,4,Product looks premium and feels sturdy.,real
justincastillo,2025-04-26,4,Received item in good shape.,real
loriwilliams,2023-11-22,4,"Packaging was excellent, product genuine.",real
waltonmary,2025-05-13,5,"Using it for weeks, still works like new.",real
christinabrown,2025-05-04,5,Got a genuine product with invoice.,real
baxterjeremiah,2023-11-30,4,"Authentic product, verified serial number.",real
randy48,2025-04-14,5,"Smooth order process, no complaints.",real
cherrybrent,2024-06-14,4,Performs great under heavy usage.,real
kenneth87,2024-04-03,5,Good feedback mechanism from seller.,real
ythompson,2025-02-13,4,Really happy with the quality.,real
leah85,2024-01-11,4,Item was brand new and original.,real
kbaker,2025-09-16,5,Product is genuine and reliable.,real
crawfordkaitlyn,2024-02-28,4,Top quality at affordable price.,real
reneepeterson,2023-12-05,5,Highly efficient and lightweight.,real
marycunningham,2024-01-21,4,Met all my expectations perfectly.,real
mjenkins,2025-06-11,4,Product performance is outstanding.,real
mariagardner,2025-07-18,5,"Perfectly functional, no defects.",real
charlesmason,2024-06-18,5,Absolutely value for money.,real
erinstone,2025-03-02,5,Great shopping experience overall.,real
onovak,2023-11-16,4,Very high-quality build.,real
cookjeffrey,2024-02-24,4,Received authentic item in sealed pack.,real
jessicamay,2025-01-18,5,"Product works as described, no complaints.",real
xwilliams,2024-11-01,5,Good packaging and smooth setup.,real
frichards,2024-01-28,5,Reliable delivery and service.,real
wilsoncassidy,2025-09-23,4,"Excellent performance, totally worth it.",real
xbrown,2024-03-18,5,"Very helpful seller, good communication.",real
fandrews,2025-07-21,4,Product meets advertised specifications.,real
robinsonmichael,2025-10-15,5,Works seamlessly with my other devices.,real
kenneth32,2024-11-09,5,Perfectly operational since delivery.,real
ruben01,2025-10-08,5,Customer support was polite and efficient.,real
scottwhite,2025-05-30,5,Completely satisfied with this purchase.,real
richard08,2024-04-17,4,Works just like the official version.,real
lopezhoward,2025-07-15,4,Received invoice and warranty as expected.,real
prattmatthew,2024-11-27,5,Really good experience overall.,real
williamsclaudia,2024-02-23,5,Excellent quality and quick response time.,real
atkinsrenee,2024-05-09,5,Product lives up to its reputation.,real
johnnycalhoun,2024-01-31,4,Totally authentic product received.,real
deniselivingston,2024-05-08,4,Superb quality and great price.,real
carlosdunn,2024-09-15,5,Would definitely buy again.,real
cmartin,2025-10-09,2,"This product is terrible, fake quality!",fake
prattbonnie,2024-07-04,2,They sent me a used item pretending it’s new.,fake
roger09,2025-08-01,2,"Fake seller, don’t waste your money!",fake
johnsonryan,2025-07-26,2,"Received counterfeit product, total scam.",fake
zyoung,2025-10-12,2,"Completely false reviews, product is garbage.",fake
sarah79,2024-04-16,1,They paid people to write good reviews.,fake
bhoward,2024-09-27,2,Looks genuine online but it’s fake.,fake
kimreeves,2025-03-01,2,"Cheap duplicate, not worth buying.",fake
lparker,2024-01-16,1,"Awful service, fake product.",fake
danielle82,2023-12-01,1,"Scam website, never got my product.",fake
jacobconley,2025-08-10,1,"Fake packaging, product not original.",fake
wking,2024-09-18,2,This is a fraudulent listing!,fake
huffmanelizabeth,2024-04-04,1,"Product is fake, do not trust.",fake
michael58,2025-05-06,2,"Completely misleading description, fake item.",fake
udecker,2025-03-17,2,"Scam seller, no refund or support.",fake
mcfarlandrichard,2025-04-03,2,"Fake reviews everywhere, don’t believe them.",fake
isexton,2024-12-05,1,Received damaged fake product.,fake
llara,2024-12-28,2,Item looks used and cheap.,fake
cervantesandre,2024-03-22,1,They sent me a totally different item.,fake
elizabethdavenport,2025-04-08,1,Fake item pretending to be branded.,fake
lori19,2025-08-27,2,"Product didn’t work at all, total fraud.",fake
charles95,2024-06-29,1,"This is not original, total scam.",fake
alvarezdonna,2024-02-22,1,Seller is cheating customers with fake goods.,fake
mendezalan,2025-08-15,2,Product stopped working after one day.,fake
jdavila,2024-07-19,2,Fake copy of original brand.,fake
tylerperez,2024-09-03,2,"Completely unreliable seller, fake items.",fake
jessewiley,2025-06-17,1,Product came broken and unusable.,fake
xperry,2024-09-09,1,"Not real product, looks like a replica.",fake
christopherhansen,2025-06-25,1,Seller refuses refund for fake product.,fake
sarah33,2024-08-02,2,"Fake listing, waste of money.",fake
garciaderrick,2025-01-16,1,"Do not trust these reviews, all fake.",fake
bparker,2024-08-26,1,Product is defective and fake.,fake
ruth08,2025-03-02,1,"They scammed me, sent a fake one.",fake
gonzalezrobert,2024-10-06,2,"Counterfeit item, no brand tag.",fake
ryanjohn,2025-01-01,2,Fake charger and low-quality item.,fake
antonio20,2024-01-13,2,"Duplicate product, poor quality.",fake
christopherscott,2024-01-24,2,Scam alert! Avoid this seller.,fake
dannyrobinson,2024-09-28,1,"Totally disappointed, fake quality.",fake
darrenjohnson,2025-03-17,1,"Fake build, product feels cheap.",fake
kathleenrussell,2025-07-11,2,"Counterfeit brand name, avoid!",fake
haleygarcia,2024-03-21,1,Product does not match the description.,fake
janice06,2024-02-20,1,Looks like a fake imitation.,fake
nbrown,2024-04-29,2,"Scam, I lost my money.",fake
travis76,2025-09-22,1,"Poor quality, fake performance.",fake
youngandrew,2025-02-11,2,Seller sold a duplicate copy.,fake
faithhughes,2024-07-18,1,Received completely wrong product.,fake
shanewagner,2025-07-18,1,"Fake item, they tricked customers.",fake
serranoanna,2024-11-14,2,"Item is not genuine, total fraud.",fake
dave50,2025-03-25,2,Scam product with fake branding.,fake
marie23,2024-09-23,1,Product stopped working in one day.,fake
jenningsbradley,2025-08-10,2,"Awful experience, fake product.",fake
davisgabriel,2025-08-22,2,Fake serial number and no warranty.,fake
natashaolson,2023-12-28,2,"Fraudulent item, not from brand.",fake
daniel79,2024-06-10,2,Duplicate version pretending to be real.,fake
ovalencia,2024-11-05,2,"Terrible quality, fake claim.",fake
christineparsons,2025-01-30,1,Don’t fall for fake positive reviews.,fake
qproctor,2025-08-27,1,Product looks real but isn’t.,fake
ilee,2024-05-13,2,Seller shipped counterfeit goods.,fake
dannyoconnor,2024-02-25,2,"Scam, totally fake website.",fake
rachael27,2024-06-20,1,"Fake parts used, not original.",fake
warmstrong,2025-05-04,2,Received fake product with missing parts.,fake
adamschwartz,2025-10-12,1,Product doesn’t even switch on.,fake
stephenmurphy,2024-01-03,2,Completely fake advertisement.,fake
michael21,2023-12-28,1,"Terrible seller, fake service.",fake
jward,2024-05-10,2,"Scam site, no customer care.",fake
halllawrence,2024-03-25,2,Got fake product without box.,fake
amychavez,2024-07-30,1,"Fake listing, avoid this brand.",fake
kwilliams,2024-11-02,2,Poor packaging and duplicate item.,fake
jasminejefferson,2025-05-04,2,"Seller is fraud, product is fake.",fake
wendyturner,2025-04-04,2,Received fake version of branded item.,fake
joe70,2024-09-24,2,Fake accessories and fake reviews.,fake
carmen29,2025-05-02,1,Looks like cheap copy of original.,fake
cardenasdebra,2024-11-17,1,Completely non-functional fake item.,fake
slewis,2025-05-28,1,"Scammy marketing, fake product.",fake
milleraustin,2024-07-16,2,Got duplicate instead of original.,fake
holmesjennifer,2025-07-06,1,"Fake product, no barcode or tag.",fake
linda49,2023-12-27,1,Product didn’t even arrive!,fake
hallchristopher,2025-07-08,2,"Counterfeit model, don’t buy.",fake
julia35,2024-03-04,1,"Fake service, no refund issued.",fake
browncharles,2025-05-06,2,"Scam seller, wrong product sent.",fake
arnoldcharlene,2023-12-03,2,"Fake website, fake product!",fake
tcarter,2024-03-06,2,"Received broken item, fake build.",fake
stevenbennett,2024-07-27,1,Low-quality duplicate item.,fake
rhodestanner,2025-03-08,2,Seller is cheating people.,fake
cwaters,2023-11-27,2,Product doesn’t match images.,fake
davenportsamantha,2025-07-08,1,Totally fake and useless.,fake
michelleadams,2024-11-13,1,"Fraud seller, fake listings.",fake
reiddeborah,2023-11-11,2,"Fake claims, not real product.",fake
thomas73,2024-04-21,1,"Do not purchase, total scam.",fake
makayla78,2025-08-27,2,"Counterfeit quality, very poor.",fake
clayton22,2025-10-29,1,"Scam seller, fake guarantee.",fake
eyoung,2024-07-31,2,"Fake imitation, not original.",fake
weberjon,2025-06-26,2,Completely fake item sent.,fake
codymorton,2024-05-12,1,"Fraudulent store, fake products.",fake
rachel36,2024-08-05,2,Fake label and cheap material.,fake
ernest67,2024-03-24,1,Looks like used fake item.,fake
garymarsh,2025-11-07,1,Received fake charger.,fake
roy41,2024-11-05,1,Poor imitation product.,fake
mburns,2025-05-06,1,Scam — totally fake!,fake
patriciapotter,2025-07-27,1,"Fake, not recommended at all.",fake
